SID,StartDate,demo_ethnicity_1,demo_ethnicity_2,demo_ethnicity_3,demo_ethnicity_4,demo_ethnicity_5,demo_ethnicity_6,demo_ethnicity_7,demo_gender,demo_gender_TEXT,demo_hispanic,demo_orientation,demo_orientation_TEXT,demo_relationship,demo_YOB,demo_age,demo_education,demo_income,sh-loneliness_18,sh-loneliness_35,sh-loneliness_36,sh-loneliness_37,sh-loneliness_38,sh-loneliness_39,sh-loneliness_40,sh-loneliness_41,sh-loneliness_42,sh-loneliness_43,sh-loneliness_44,sh-loneliness_45,sh-loneliness_46,sh-loneliness_47,sh-loneliness_48,sh-loneliness_49,sh-loneliness_50,sh-loneliness_51,sh-loneliness_52,sh-loneliness_53,BFI_N_1,BFI_N_2,BFI_N_3,BFI_N_4,BFI_N_5,BFI_N_6,BFI_N_7,BFI_N_8,BFI_N_9,BFI_N_10,BFI_N_11,BFI_N_12,Matching_Shapes_and_Numbers,Fast_Reactions,Remembering_Words_Test,Thinking_Back,Visual_Patterns,Vocabulary
20767,2024-06-06T19:03:08Z,1,NA,NA,NA,1,NA,NA,1,NA,0,1,NA,4,1963,61,5,$25000,2,3,3,3,1,2,3,3,2,2,2,3,3,3,2,2,3,3,2,3,4,4,4,2,2,4,4,5,2,2,4,3,NA,NA,NA,NA,NA,NA
63450,2024-06-12T02:41:26Z,NA,NA,NA,NA,1,NA,NA,1,NA,0,1,NA,2,1979,46,6,$135000,4,1,1,2,3,3,2,1,3,3,2,1,1,1,4,3,2,1,4,4,2,3,3,2,1,2,5,5,2,4,4,3,68.00,37.91,24.00,58.19,31.00,29.00
3771,2024-06-13T19:17:49Z,NA,NA,NA,NA,1,NA,NA,0,NA,0,1,NA,2,1969,54,3,$150000,4,2,1,1,3,3,1,3,3,4,1,1,2,1,4,4,3,1,4,2,2,1,4,5,1,1,4,4,1,1,5,5,64.00,34.84,21.00,85.19,32.00,26.00
18471,2024-06-14T11:59:31Z,NA,NA,NA,NA,1,NA,NA,1,NA,0,1,NA,4,1978,46,2,$21000,4,1,1,1,4,4,1,1,4,4,1,1,1,1,4,4,1,1,4,4,4,1,5,5,1,1,4,5,1,1,5,5,55.00,28.46,5.00,0.00,22.00,23.00
13404,2024-06-19T21:38:46Z,NA,NA,NA,NA,1,NA,NA,0,NA,0,2,NA,4,1963,61,6,$125000,3,2,2,2,3,3,2,3,3,3,3,2,2,2,3,3,3,2,3,3,2,3,4,4,1,2,4,4,2,2,4,4,46.00,26.02,20.00,74.22,26.00,27.00
6914,2024-06-19T22:34:45Z,NA,NA,NA,NA,1,NA,NA,1,NA,0,1,NA,2,1965,58,5,$100000,4,3,2,2,3,4,2,4,3,4,2,1,2,2,3,3,3,2,3,3,2,2,5,4,2,1,5,4,1,1,5,5,81.00,31.55,25.00,63.87,26.00,28.00
18976,2024-06-19T22:40:36Z,NA,NA,NA,NA,1,NA,NA,0,NA,1,1,NA,2,1970,54,6,$140000,1,3,3,3,2,2,3,3,2,2,3,4,3,3,2,1,3,4,2,2,4,3,4,1,3,3,3,3,4,2,4,3,49.00,29.84,8.00,NA,NA,NA
5434,2024-06-19T23:45:42Z,NA,NA,NA,NA,1,NA,NA,1,NA,0,1,NA,2,1974,49,3,$110000,3,3,3,3,3,3,2,3,3,3,3,2,3,3,4,3,2,3,3,4,3,4,5,2,2,2,5,5,3,3,4,4,76.00,26.40,20.00,0.00,24.00,26.00
4916,2024-06-20T03:57:20Z,NA,NA,NA,NA,1,1,NA,1,NA,0,1,NA,2,1966,58,5,$95000,4,1,1,1,4,4,1,3,4,4,2,2,1,1,4,4,3,1,4,4,3,5,2,2,1,1,5,5,1,2,4,3,40.00,29.57,11.00,66.53,25.00,26.00
12004,2024-06-20T04:46:19Z,1,NA,NA,NA,NA,NA,NA,1,NA,0,1,NA,2,1969,55,3,$100000,4,1,1,1,4,4,1,1,4,4,1,1,1,1,4,4,3,1,4,4,3,1,3,5,1,1,5,5,1,2,3,1,19.00,24.60,15.00,16.14,NA,NA
16623,2024-06-20T11:22:07Z,NA,NA,NA,NA,1,NA,NA,1,NA,0,1,NA,6,1977,47,3,$45000,4,1,1,2,3,4,1,1,4,3,1,2,1,1,4,3,1,2,4,4,4,5,1,1,4,2,2,2,4,4,2,1,68.00,32.69,17.00,63.64,25.00,29.00
16523,2024-06-20T12:15:56Z,1,NA,1,NA,NA,NA,NA,1,NA,0,1,NA,6,1971,52,10,$1,2,3,3,2,3,3,3,4,3,2,3,3,2,4,3,4,3,3,2,2,2,3,4,4,3,2,5,3,1,3,5,5,72.00,17.97,12.00,29.17,15.00,28.00
20377,2024-06-28T00:31:45Z,NA,NA,NA,NA,1,NA,NA,1,NA,0,1,NA,6,1979,46,3,$80000,2,4,3,4,1,2,4,3,3,2,4,2,4,4,2,2,3,3,2,2,5,5,1,1,5,5,1,1,5,5,1,1,NA,NA,NA,NA,NA,NA
75250,2024-07-07T00:28:18Z,NA,NA,1,NA,NA,NA,NA,1,NA,1,1,NA,1,1962,62,2,$14900,3,4,3,4,3,2,3,3,3,2,4,4,4,3,2,1,3,4,2,4,3,3,2,3,4,4,4,2,2,4,4,4,42.00,23.58,14.00,27.00,8.00,17.00
17890,2024-07-10T20:58:48Z,NA,NA,NA,NA,1,1,NA,1,NA,2,1,NA,4,1970,53,6,$30000,3,3,4,3,1,3,3,4,3,2,4,3,4,3,2,2,3,4,3,2,4,3,3,3,4,4,4,5,2,4,2,3,69.00,25.38,8.00,0.00,28.00,30.00
17037,2024-07-10T20:59:08Z,NA,NA,NA,NA,1,NA,NA,0,NA,0,1,NA,2,1954,69,5,$150000,4,1,1,1,3,4,1,1,3,4,1,1,1,1,4,4,2,1,4,4,1,1,5,5,1,1,5,5,1,1,5,4,59.00,32.62,15.00,49.59,23.00,30.00
5695,2024-07-10T21:44:21Z,NA,NA,NA,NA,1,NA,NA,1,NA,0,1,NA,2,1956,68,6,$300000,4,3,1,1,4,4,1,2,4,4,1,1,2,1,4,4,3,1,4,4,4,1,5,5,1,1,4,5,1,1,5,5,51.00,29.20,11.00,0.00,15.00,28.00
12455,2024-07-10T21:53:40Z,NA,NA,NA,NA,1,NA,NA,1,NA,0,1,NA,2,1967,57,6,$250000,4,1,1,2,4,4,1,2,4,4,2,2,2,2,4,4,3,2,4,4,2,2,2,4,1,1,2,5,1,2,5,4,23.00,NA,NA,NA,NA,NA
7448,2024-07-10T21:55:29Z,1,NA,NA,NA,1,NA,NA,1,NA,0,1,NA,2,1973,50,6,$120000,2,4,4,4,2,2,4,3,3,2,4,3,4,4,2,2,3,4,2,2,4,5,1,1,4,3,1,2,4,4,3,2,76.00,29.37,23.00,45.83,26.00,29.00
10400,2024-07-10T22:06:18Z,NA,1,NA,NA,NA,NA,NA,1,NA,0,1,NA,2,1976,47,7,$48000,3,2,2,3,4,3,2,2,3,4,2,2,2,2,3,3,3,2,3,3,2,2,5,4,2,1,5,5,1,4,5,5,46.00,27.31,14.00,NA,NA,NA
8649,2024-07-10T22:10:55Z,NA,NA,NA,NA,1,NA,NA,1,NA,0,1,NA,2,1955,68,3,$25000,2,3,2,2,3,3,2,NA,4,2,2,2,2,2,3,3,1,3,3,2,3,2,5,2,2,2,3,4,2,2,3,2,36.00,28.35,13.00,47.51,9.00,23.00
8649,2024-07-10T22:10:55Z,NA,NA,NA,NA,1,NA,NA,1,NA,0,1,NA,2,1955,68,3,$25000,2,3,2,2,3,3,2,NA,4,2,2,2,2,2,3,3,1,3,3,2,3,2,5,2,2,2,3,4,2,2,3,2,36.00,28.35,13.00,47.51,9.00,23.00
9020,2024-07-10T22:52:27Z,NA,NA,NA,NA,NA,NA,1,1,NA,3,1,NA,2,1973,51,7,$215000,4,2,1,3,2,4,1,3,4,3,1,1,3,3,3,3,3,1,4,4,5,4,4,2,1,1,5,4,1,1,5,5,61.00,35.05,25.00,42.08,27.00,29.00
6565,2024-07-11T00:19:09Z,NA,1,NA,NA,NA,NA,NA,1,NA,0,1,NA,3,1950,74,6,$100000,2,3,3,4,2,2,3,4,3,1,3,4,4,4,2,2,3,4,3,3,4,4,4,4,5,5,2,3,4,3,4,4,62.00,21.67,13.00,51.03,27.00,28.00
7040,2024-07-11T00:38:46Z,NA,NA,NA,NA,1,NA,NA,0,NA,0,1,NA,2,1969,55,5,$90000,4,2,1,3,2,3,2,3,3,3,3,1,1,2,3,2,1,2,2,3,2,3,4,5,1,1,4,5,1,1,5,5,58.00,26.70,23.00,79.06,29.00,30.00
5627,2024-07-11T02:40:31Z,NA,NA,NA,NA,1,NA,NA,1,NA,0,1,NA,2,1957,67,7,$75000,3,3,1,3,3,4,1,3,3,4,3,1,2,3,4,4,3,3,4,4,5,4,1,1,4,3,2,2,4,2,2,1,65.00,24.45,24.00,72.65,27.00,29.00
8970,2024-07-11T02:54:40Z,NA,NA,NA,NA,1,NA,NA,1,NA,0,3,NA,1,1969,55,5,$85000,3,4,4,4,2,2,4,3,3,2,4,4,4,4,2,2,3,3,2,2,4,4,2,2,4,5,2,2,2,2,4,3,48.00,35.23,18.00,58.43,23.00,27.00
5999,2024-07-11T05:10:36Z,NA,NA,NA,NA,1,NA,NA,1,NA,0,1,NA,2,1974,50,4,$95000,3,3,2,3,3,3,3,3,4,3,3,4,3,3,3,3,2,3,3,3,4,4,3,4,4,2,3,4,4,4,2,3,NA,NA,NA,NA,NA,NA
12508,2024-07-11T12:50:36Z,NA,NA,NA,NA,1,NA,NA,1,NA,0,1,NA,2,1968,55,7,$190000,3,4,3,3,2,3,4,3,3,2,3,3,3,3,2,2,3,3,2,2,5,5,3,2,4,3,2,4,3,4,2,3,23.00,35.93,11.00,74.15,22.00,29.00
58909,2024-07-11T14:36:29Z,NA,NA,NA,NA,1,NA,NA,1,NA,0,1,NA,1,1957,66,2,$11000,2,4,3,4,1,2,3,3,3,2,4,4,4,4,2,2,4,3,2,2,4,5,2,2,5,5,1,1,5,4,1,1,62.00,30.06,12.00,88.19,22.00,28.00
17295,2024-07-11T15:11:02Z,NA,NA,NA,NA,1,NA,NA,1,NA,1,1,NA,6,1972,52,6,$53000,4,1,2,1,4,3,1,2,3,4,1,1,3,1,4,3,3,4,2,4,4,5,1,2,1,1,3,5,2,2,5,5,NA,NA,NA,NA,NA,NA
45422,2024-07-11T15:25:53Z,NA,NA,NA,NA,1,NA,NA,1,NA,0,1,NA,2,1968,56,6,$220000,3,2,2,2,2,3,2,2,3,3,2,2,2,2,3,3,3,2,3,3,4,4,2,2,2,2,3,3,2,2,4,4,62.00,26.32,12.00,0.00,33.00,27.00
19904,2024-07-11T15:27:46Z,1,NA,NA,NA,NA,NA,NA,1,NA,0,1,NA,2,1970,54,4,$75000,2,2,2,2,2,2,3,2,2,3,2,3,3,3,2,2,3,3,3,2,3,3,3,2,2,3,3,2,2,4,2,3,64.00,37.54,4.00,51.54,26.00,18.00
14229,2024-07-11T15:46:05Z,NA,NA,NA,NA,NA,NA,NA,NA,NA,NA,1,NA,NA,NA,NA,NA,$86000,1,3,3,2,2,2,2,3,3,3,2,1,3,2,4,2,3,4,1,4,4,2,3,4,5,5,2,5,1,4,4,3,NA,NA,NA,NA,NA,NA
9197,2024-07-11T16:57:30Z,NA,1,NA,NA,NA,NA,NA,1,NA,0,1,NA,1,1973,51,6,$130000,3,2,2,2,4,2,2,2,3,3,2,2,2,2,3,4,2,3,3,2,1,1,5,4,2,1,5,5,2,3,4,5,57.00,20.43,20.00,63.83,22.00,28.00
4218,2024-07-11T17:08:52Z,NA,NA,NA,NA,1,NA,NA,1,NA,0,1,NA,5,1954,69,5,$28000,2,2,4,3,3,2,4,4,3,2,3,3,4,2,3,2,4,3,3,2,4,4,1,1,4,3,3,2,4,2,3,5,54.00,27.54,24.00,0.00,28.00,29.00
40154,2024-07-11T18:07:39Z,NA,NA,NA,NA,1,NA,NA,1,NA,0,1,NA,7,1964,60,6,$100000,3,4,3,3,2,3,3,3,3,3,3,3,4,3,3,3,3,3,2,3,5,4,2,2,4,2,4,2,4,2,2,2,58.00,34.14,8.00,47.87,28.00,30.00
18897,2024-07-11T19:01:19Z,NA,NA,NA,NA,1,NA,NA,1,NA,0,3,NA,2,1969,55,5,$80000,3,2,2,2,4,3,1,2,4,4,3,1,2,2,4,4,3,2,4,4,2,4,4,2,2,2,4,4,3,2,2,3,NA,NA,NA,NA,NA,NA
9272,2024-07-11T19:05:02Z,NA,NA,NA,NA,1,NA,NA,1,NA,0,1,NA,2,1952,72,6,$75000,4,1,1,1,4,4,1,1,3,4,1,1,1,1,4,4,3,1,4,4,2,2,4,2,3,1,4,4,1,1,4,5,58.00,31.08,24.00,86.07,28.00,29.00
86656,2024-07-11T21:11:38Z,NA,NA,NA,NA,1,NA,NA,1,NA,0,1,NA,2,1971,53,7,$290000,3,2,1,2,2,2,1,2,2,4,2,1,1,3,3,4,4,1,3,4,3,3,3,3,2,2,4,5,3,3,4,3,49.00,33.33,25.00,NA,NA,NA
18348,2024-07-12T01:09:25Z,NA,NA,1,NA,NA,NA,NA,1,NA,0,1,NA,1,1969,55,6,$85000,2,2,1,2,3,2,1,3,3,2,3,3,3,1,1,2,1,3,3,3,5,4,1,2,1,1,5,4,3,1,3,3,71.00,22.46,20.00,18.00,18.00,28.00
88410,2024-07-12T21:12:05Z,NA,NA,NA,NA,1,NA,NA,1,NA,0,1,NA,2,1955,68,6,$120000,4,3,3,NA,3,4,1,2,4,3,3,1,2,3,4,3,2,3,4,3,3,1,5,3,2,3,5,5,2,1,3,5,51.00,29.08,22.00,0.00,23.00,28.00
7345,2024-07-12T22:31:39Z,NA,1,NA,NA,NA,NA,NA,0,NA,0,1,NA,2,1974,50,7,$120000,2,3,3,3,2,2,3,3,2,2,3,3,3,3,1,2,3,3,2,1,1,1,4,1,1,1,3,4,1,1,5,4,NA,NA,NA,NA,NA,NA
2489,2024-07-13T22:28:58Z,NA,NA,NA,NA,1,NA,NA,1,NA,0,1,NA,2,1962,62,4,$75000,4,2,1,1,3,4,2,1,4,4,1,1,1,1,4,3,1,2,4,4,1,1,4,3,3,1,4,5,1,1,5,5,49.00,32.71,22.00,81.93,25.00,28.00
7450,2024-07-14T02:04:28Z,NA,NA,NA,NA,1,NA,NA,1,NA,0,1,NA,6,1960,64,6,$55000,4,2,1,3,4,4,2,1,3,4,1,1,2,2,4,4,1,1,4,4,4,2,4,2,1,1,5,5,1,2,2,2,66.00,28.45,23.00,0.00,27.00,29.00
9040,2024-07-14T14:09:00Z,NA,NA,NA,NA,1,NA,NA,1,NA,0,3,NA,2,1974,50,6,$350000,2,2,1,2,2,2,1,3,2,2,3,3,3,3,3,3,4,3,3,3,4,4,2,2,2,4,4,4,4,2,4,4,82.00,38.57,13.00,84.98,30.00,29.00
13430,2024-07-15T06:48:43Z,NA,NA,NA,NA,1,NA,NA,1,NA,0,1,NA,2,1971,52,NA,$145000,3,3,2,3,3,3,3,3,3,3,4,2,2,2,3,3,2,3,3,3,5,5,4,3,4,4,5,5,2,3,5,5,NA,NA,NA,NA,NA,NA
11659,2024-07-15T12:31:40Z,NA,NA,NA,NA,1,NA,NA,1,NA,1,1,NA,2,1973,51,5,$80000,3,1,1,1,3,2,1,1,3,3,2,3,2,1,4,3,1,1,4,4,4,1,2,4,1,1,2,4,4,4,2,2,59.00,29.94,15.00,18.95,20.00,29.00
17499,2024-07-15T19:28:53Z,NA,NA,NA,NA,1,NA,NA,1,NA,0,4,Asexual,1,1968,56,7,$49000,3,2,2,2,4,3,2,2,3,3,2,2,2,3,2,3,2,2,3,3,2,2,4,4,3,3,4,4,2,2,4,4,37.00,26.37,5.00,47.57,15.00,24.00
12170,2024-07-16T03:50:54Z,NA,NA,1,NA,NA,NA,NA,1,NA,0,2,NA,1,1978,46,4,$53646,3,2,2,2,4,3,2,3,3,3,3,3,3,2,4,2,2,3,2,3,4,4,5,1,5,4,4,5,3,4,4,4,72.00,26.47,21.00,12.27,13.00,28.00
45144,2024-07-17T12:47:42Z,NA,NA,NA,NA,1,NA,NA,1,NA,0,1,NA,2,1975,48,6,$185000,3,1,1,2,2,3,2,2,2,3,3,2,2,2,3,3,3,1,3,4,4,5,3,2,3,4,2,3,3,3,4,4,77.00,32.25,23.00,88.85,31.00,27.00
45144,2024-07-17T12:47:42Z,NA,NA,NA,NA,1,NA,NA,1,NA,0,1,NA,2,1975,48,6,$185000,3,1,1,2,2,3,2,2,2,3,3,2,2,2,3,3,3,1,3,4,4,5,3,2,3,4,2,3,3,3,4,4,77.00,32.25,23.00,88.85,31.00,27.00
8649,2024-07-18T13:20:31Z,NA,NA,NA,NA,1,NA,NA,1,NA,0,1,NA,2,1955,68,3,$25000,4,3,1,2,2,3,3,4,2,3,3,3,2,3,3,2,4,2,3,2,3,3,3,3,3,3,3,3,3,2,3,2,36.00,28.35,13.00,47.51,9.00,23.00
8649,2024-07-18T13:20:31Z,NA,NA,NA,NA,1,NA,NA,1,NA,0,1,NA,2,1955,68,3,$25000,4,3,1,2,2,3,3,4,2,3,3,3,2,3,3,2,4,2,3,2,3,3,3,3,3,3,3,3,3,2,3,2,36.00,28.35,13.00,47.51,9.00,23.00
13617,2024-07-18T21:15:33Z,NA,NA,NA,NA,1,NA,NA,1,NA,0,1,NA,2,1964,59,7,$98000,3,1,2,2,2,3,2,3,3,4,4,1,3,3,3,4,4,3,3,4,5,5,4,1,1,2,5,4,1,1,5,5,62.00,27.46,24.00,88.71,32.00,29.00
628,2024-07-21T01:53:05Z,NA,NA,NA,NA,1,NA,NA,1,NA,0,1,NA,2,1962,62,6,$70000,3,1,1,2,3,4,1,2,4,4,2,1,1,1,4,4,3,1,4,4,1,1,5,5,1,1,4,5,1,1,5,5,64.00,33.12,25.00,90.27,31.00,27.00
81954,2024-07-23T05:27:50Z,NA,NA,NA,NA,1,NA,NA,1,NA,0,3,NA,6,1974,50,3,$20000,3,4,4,4,2,2,4,4,3,2,3,3,4,3,2,2,3,3,2,2,4,5,1,2,5,5,2,1,1,2,2,2,70.00,31.76,20.00,44.23,25.00,26.00
30552,2024-07-25T02:29:11Z,NA,NA,NA,NA,1,NA,NA,1,NA,0,3,NA,6,1964,60,5,$60000,2,4,4,4,2,2,4,3,3,2,3,4,4,4,2,2,3,4,2,2,4,3,2,3,4,4,4,4,2,3,4,4,65.00,26.14,23.00,73.29,29.00,29.00
82517,2024-07-25T03:43:21Z,NA,NA,NA,NA,1,NA,NA,1,NA,0,1,NA,6,1960,64,3,$85000,4,4,3,4,1,2,3,4,4,4,4,3,3,4,2,3,3,4,3,3,4,5,2,2,4,4,2,3,3,4,2,4,80.00,26.67,21.00,46.77,27.00,29.00
92284,2024-07-25T19:19:30Z,NA,NA,NA,NA,1,NA,NA,0,NA,0,1,NA,2,1977,47,4,$65000,4,2,1,3,4,4,2,2,4,4,2,1,2,2,4,4,2,3,4,4,4,3,4,5,4,2,5,5,4,5,4,5,59.00,32.50,15.00,39.09,16.00,21.00
88310,2024-07-26T15:14:02Z,NA,NA,1,NA,NA,NA,NA,1,NA,0,1,NA,7,1974,50,6,$47000,2,3,3,3,3,3,3,3,3,2,3,3,3,3,3,2,3,3,2,3,4,4,4,4,4,3,5,4,4,3,5,4,76.00,31.34,14.00,12.50,13.00,21.00
93664,2024-07-26T15:35:44Z,NA,1,NA,NA,NA,NA,NA,0,NA,0,1,NA,2,1971,53,7,$100000,4,2,1,1,4,3,1,1,4,4,2,1,1,2,4,4,1,2,4,3,4,3,5,3,1,1,4,5,1,4,4,3,67.00,31.53,22.00,41.94,19.00,21.00
52221,2024-07-26T18:27:35Z,NA,NA,1,NA,NA,NA,NA,0,NA,0,1,NA,1,1978,46,1,$14500,2,4,4,4,1,1,4,4,1,1,4,2,4,4,1,1,4,4,1,2,5,5,1,1,5,5,1,1,5,5,5,3,11.00,NA,NA,NA,NA,NA
64387,2024-07-30T06:11:52Z,NA,NA,NA,NA,1,NA,NA,1,NA,0,1,NA,6,1975,48,7,$0000000,4,1,1,2,4,3,1,1,3,4,2,1,1,1,4,4,3,3,4,4,4,4,4,4,1,1,5,5,2,2,4,3,62.00,21.22,25.00,76.18,30.00,29.00
63234,2024-07-30T17:04:23Z,NA,1,NA,NA,NA,NA,NA,1,NA,0,1,NA,2,1971,53,3,$95000,4,2,2,1,1,4,1,1,4,4,1,1,1,1,3,4,3,1,4,2,1,1,5,1,4,3,4,5,4,4,5,5,8.00,22.35,21.00,45.89,22.00,18.00
91384,2024-08-03T01:53:48Z,NA,NA,1,NA,NA,NA,NA,1,NA,0,1,NA,3,1980,46,6,$150000,2,4,3,3,3,3,4,3,3,2,3,3,4,4,2,4,2,3,3,3,3,4,4,3,2,2,4,2,2,4,3,4,77.00,35.05,13.00,95.83,32.00,23.00
99288,2024-08-05T02:47:50Z,NA,NA,NA,NA,1,NA,NA,1,NA,0,1,NA,1,1970,53,2,$1500,3,3,2,3,3,3,3,2,3,3,3,3,3,3,3,3,3,3,4,3,4,4,2,1,3,2,4,4,4,3,3,4,72.00,27.44,19.00,66.53,29.00,25.00
77870,2024-08-05T05:40:55Z,NA,NA,NA,NA,1,NA,NA,1,NA,0,3,NA,1,1978,46,3,$50000,4,2,2,2,3,3,2,3,3,3,2,2,3,3,3,3,3,2,4,3,4,4,4,1,4,4,4,4,4,1,3,5,NA,NA,NA,NA,NA,NA
92607,2024-08-06T14:20:23Z,NA,NA,NA,NA,1,NA,NA,1,NA,1,1,NA,5,1965,59,3,$45000,4,2,1,2,4,4,1,1,4,4,1,1,1,1,4,4,2,2,4,4,4,4,4,2,1,1,3,5,4,4,2,2,57.00,23.82,20.00,29.46,26.00,25.00
17009,2024-08-13T21:00:03Z,NA,NA,NA,NA,1,NA,NA,1,NA,0,3,NA,1,1959,64,6,$80000,3,3,2,3,3,4,2,2,4,4,3,2,2,3,4,4,3,2,4,4,4,4,4,2,1,2,4,4,2,2,3,4,65.00,24.78,14.00,69.22,5.00,28.00
10616,2024-08-15T23:05:58Z,NA,NA,NA,NA,1,NA,NA,0,NA,0,1,NA,2,1952,71,7,$125000,3,2,2,2,4,3,2,3,3,3,3,2,3,2,4,3,3,3,4,4,4,1,5,5,1,1,5,5,1,1,5,3,55.00,30.37,25.00,40.61,18.00,29.00
17739,2024-08-15T23:41:17Z,NA,NA,NA,NA,1,NA,NA,1,NA,0,3,NA,6,1976,48,7,$65000,3,1,1,2,4,3,1,3,3,4,2,2,2,2,4,4,3,2,4,4,5,4,2,1,2,2,4,2,3,3,3,2,73.00,37.98,25.00,72.77,33.00,28.00
5978,2024-08-16T00:34:07Z,NA,NA,NA,NA,1,NA,NA,1,NA,0,2,NA,7,1950,73,3,$33000,2,4,3,4,2,2,4,3,2,3,3,3,4,3,1,2,2,4,2,3,3,5,3,4,3,3,4,3,3,3,3,3,NA,NA,NA,NA,NA,NA
5922,2024-08-16T01:02:51Z,NA,NA,NA,NA,1,NA,NA,1,NA,0,1,NA,2,1960,64,5,$300000,3,4,3,3,1,2,4,4,2,3,3,3,4,4,3,2,4,4,1,2,5,5,2,1,2,3,2,2,4,2,2,4,NA,NA,NA,NA,NA,NA
5290,2024-08-16T02:29:42Z,NA,NA,NA,NA,1,NA,NA,1,NA,0,1,NA,7,1967,57,5,$150000,4,3,2,3,4,4,1,3,4,4,2,2,4,1,3,4,2,3,4,4,4,2,5,3,3,3,5,5,2,4,4,2,63.00,32.72,23.00,NA,NA,NA
8037,2024-08-16T16:02:36Z,NA,NA,1,NA,NA,NA,NA,1,NA,0,1,NA,6,1974,49,4,$40000,3,2,2,2,3,3,2,2,4,4,2,2,2,2,2,3,1,2,3,3,1,1,4,5,1,1,5,5,2,1,4,4,65.00,30.39,14.00,48.47,24.00,28.00
21348,2024-08-16T16:45:22Z,NA,NA,NA,NA,1,NA,NA,0,NA,1,1,NA,2,1977,46,5,$40000,3,1,1,2,4,3,2,1,3,3,2,2,2,1,3,3,1,3,4,4,2,3,4,5,2,1,5,5,1,3,3,5,51.00,20.45,8.00,49.59,12.00,20.00
94225,2024-08-16T20:37:52Z,NA,NA,NA,NA,1,NA,NA,1,NA,1,1,NA,2,1977,46,5,$38000,4,3,3,1,4,4,2,3,3,3,1,4,4,2,4,4,1,3,4,4,2,2,4,1,2,1,5,5,2,2,4,4,62.00,22.93,8.00,43.16,16.00,20.00
26247,2024-08-17T12:03:24Z,NA,NA,NA,NA,1,NA,NA,0,NA,1,1,NA,2,1974,50,4,$40000,2,3,3,4,2,3,2,3,4,4,2,4,3,4,2,3,2,3,3,3,4,2,4,4,1,1,4,5,1,3,5,5,26.00,25.55,13.00,54.49,16.00,21.00
54625,2024-08-17T19:48:06Z,NA,NA,NA,NA,1,NA,NA,1,NA,1,1,NA,2,1977,47,5,$35000,4,2,2,1,3,3,2,3,3,2,3,4,3,3,3,4,2,1,4,3,4,3,5,2,1,3,4,4,2,3,4,4,41.00,26.79,7.00,38.19,15.00,23.00
1494,2024-08-18T06:22:04Z,NA,NA,NA,NA,1,NA,NA,1,NA,0,3,NA,2,1978,46,2,$0,2,4,4,4,2,2,4,4,2,2,4,4,4,4,3,1,4,4,4,1,5,5,2,1,5,5,4,2,4,5,2,4,75.00,30.63,25.00,68.64,22.00,27.00
8864,2024-08-18T23:19:31Z,NA,NA,NA,NA,1,NA,NA,3,FTM,0,1,NA,2,1969,54,7,$100000,4,1,1,1,4,4,1,1,4,4,2,1,1,1,4,4,2,1,4,4,3,2,4,4,1,1,4,4,1,1,5,4,72.00,NA,NA,NA,NA,NA
10281,2024-08-20T00:30:15Z,NA,1,NA,1,NA,NA,NA,1,NA,0,1,NA,2,1962,61,5,$140000,3,1,2,2,3,4,3,3,3,3,2,1,3,1,2,3,2,3,4,3,4,3,4,2,1,2,4,4,2,2,5,4,74.00,31.12,23.00,81.22,31.00,29.00
62758,2024-08-20T19:12:12Z,NA,NA,NA,NA,1,NA,NA,1,NA,0,1,NA,6,1967,56,4,$75000,4,2,1,2,4,4,1,2,3,4,2,1,2,2,4,4,2,1,4,4,3,2,3,5,1,1,4,4,1,1,4,3,67.00,31.57,17.00,0.00,23.00,24.00
8338,2024-08-21T16:14:19Z,NA,NA,NA,NA,1,NA,NA,1,NA,0,1,NA,2,1972,52,3,$100000,4,2,2,2,3,2,2,3,3,3,1,2,1,2,4,2,2,3,4,3,4,2,3,2,3,2,4,5,2,2,3,4,50.00,32.20,20.00,NA,NA,NA
23456,2024-08-21T17:35:59Z,NA,NA,NA,NA,1,NA,NA,1,NA,0,3,NA,2,1977,47,7,$250000,1,1,1,2,4,4,1,1,4,4,2,1,1,1,4,4,2,2,4,4,4,2,3,3,1,1,4,5,4,4,2,2,64.00,37.16,25.00,75.54,29.00,26.00
60120,2024-08-22T03:35:33Z,NA,NA,NA,NA,1,NA,NA,1,NA,0,3,NA,3,1957,67,3,$35000,3,2,2,2,3,3,1,2,3,3,2,2,2,1,4,3,2,1,4,3,3,4,4,4,2,4,4,4,4,4,2,3,69.00,24.36,5.00,85.83,14.00,24.00
43203,2024-08-29T19:49:56Z,NA,NA,NA,NA,1,NA,NA,1,NA,0,1,NA,5,1954,70,6,$48000,3,3,2,3,3,3,3,2,3,3,3,3,3,3,3,3,3,3,3,3,4,4,4,2,2,3,4,4,3,2,4,4,37.00,28.71,20.00,50.92,26.00,29.00
19528,2024-08-31T23:33:17Z,NA,NA,NA,NA,1,NA,NA,3,Trans woman,0,3,NA,3,1955,69,7,$70000,4,1,1,3,4,3,1,3,4,3,3,2,1,2,4,4,3,2,4,4,5,4,4,2,4,4,5,5,4,2,4,4,56.00,27.89,24.00,76.38,32.00,28.00
61681,2024-09-03T00:46:57Z,NA,NA,NA,NA,1,NA,NA,1,NA,2,1,NA,3,1977,47,3,$308000,4,1,2,2,2,4,2,3,3,3,1,3,1,3,4,4,3,3,4,4,4,2,4,2,1,1,4,4,1,3,5,3,71.00,24.89,11.00,NA,NA,NA
22035,2024-09-03T19:48:39Z,NA,NA,NA,NA,1,NA,NA,1,NA,0,1,NA,2,1959,64,3,$200000,4,3,3,3,3,3,3,3,4,3,2,3,3,3,2,3,3,3,3,3,2,4,3,4,3,3,4,5,1,1,4,4,71.00,28.99,25.00,81.37,23.00,26.00
57482,2024-09-04T20:36:31Z,NA,NA,NA,NA,1,NA,NA,1,NA,0,1,NA,1,1970,53,5,$77000,4,4,2,3,4,4,2,2,3,4,2,1,3,3,3,4,3,1,4,1,3,1,4,4,2,2,4,4,1,4,5,5,70.00,33.22,25.00,87.86,26.00,26.00
71650,2024-09-05T17:15:36Z,NA,NA,NA,NA,1,NA,NA,1,NA,0,3,NA,5,1968,56,6,$36000,3,4,4,4,1,3,4,1,3,2,3,3,2,4,1,1,1,3,1,1,5,2,2,1,5,5,2,4,4,4,2,4,80.00,30.04,12.00,85.83,24.00,29.00
79448,2024-09-08T18:50:36Z,NA,NA,NA,NA,1,NA,NA,0,NA,0,1,NA,2,1955,69,7,$130000,2,3,1,1,3,3,2,2,4,1,3,2,2,1,4,3,1,2,4,4,5,4,2,2,4,4,2,3,5,3,5,4,45.00,29.69,19.00,78.51,33.00,29.00
86461,2024-09-08T22:14:48Z,NA,NA,NA,NA,1,NA,NA,1,NA,0,1,NA,6,1952,72,6,$75000,4,1,1,1,4,4,1,1,4,4,2,1,1,1,4,4,2,1,4,4,1,1,4,5,2,1,4,5,1,2,4,4,65.00,27.08,19.00,85.19,20.00,27.00
82729,2024-09-11T19:04:18Z,NA,NA,NA,NA,1,NA,NA,1,NA,0,1,NA,4,1954,69,5,$130000,3,3,3,4,3,3,3,3,3,3,3,3,4,4,2,3,4,3,3,3,5,4,2,1,4,4,2,2,4,5,2,2,12.00,29.10,13.00,63.83,22.00,29.00
36221,2024-09-12T01:55:35Z,NA,NA,NA,NA,1,NA,NA,1,NA,0,1,NA,2,1965,59,6,$80000,4,4,3,4,1,2,4,3,3,2,3,4,3,4,3,3,2,3,2,2,2,2,4,1,5,5,3,4,4,1,3,4,67.00,31.57,24.00,NA,NA,NA
55373,2024-09-13T03:36:01Z,NA,NA,NA,NA,1,NA,NA,1,NA,0,1,NA,7,1953,71,6,$30000,3,3,2,1,2,3,3,1,4,3,1,1,3,3,2,2,1,1,2,3,2,2,4,4,1,1,5,5,1,1,5,3,56.00,NA,NA,NA,NA,NA
20384,2024-09-16T15:26:26Z,NA,NA,NA,NA,1,NA,NA,1,NA,1,1,NA,2,1987,46,6,$45000,3,1,3,2,3,3,3,3,3,3,4,4,4,3,3,3,4,3,2,3,5,4,2,1,4,4,4,1,4,4,1,2,84.00,36.78,25.00,75.12,31.00,27.00
19269,2024-09-17T20:19:36Z,1,NA,NA,NA,1,NA,NA,1,NA,0,1,NA,6,1954,70,3,$65000,2,4,4,3,1,3,3,3,3,3,4,3,4,3,2,2,4,3,2,2,3,5,5,2,5,4,5,2,4,4,3,4,63.00,27.00,17.00,41.67,14.00,28.00
38396,2024-09-17T20:22:59Z,NA,NA,NA,NA,1,NA,NA,0,NA,0,1,NA,2,1974,50,5,$205000,3,3,3,2,3,NA,2,3,4,2,1,3,2,3,2,3,2,3,2,3,3,2,4,4,2,1,4,5,2,2,4,3,69.00,35.73,21.00,96.47,35.00,27.00
74922,2024-09-19T23:07:06Z,NA,NA,NA,NA,1,NA,NA,1,NA,1,1,NA,7,1949,74,6,$24600,4,4,4,4,2,1,4,3,3,2,4,3,4,4,1,1,4,4,2,3,4,5,2,1,4,5,4,2,4,4,2,4,39.00,28.33,14.00,46.90,7.00,28.00
5660,2024-09-20T01:06:12Z,NA,NA,NA,NA,1,NA,NA,1,NA,0,1,NA,2,1977,46,6,$160000,2,3,3,3,2,3,3,3,2,3,4,3,4,3,3,2,3,4,3,4,4,5,3,2,1,4,3,2,4,3,4,4,74.00,32.23,22.00,74.22,24.00,28.00
19241,2024-09-20T05:57:51Z,NA,NA,NA,NA,1,NA,NA,1,NA,0,1,NA,2,1973,51,5,$85000,2,4,4,4,2,2,3,3,3,2,4,3,3,4,2,2,4,3,2,2,4,5,1,1,4,5,2,3,5,4,3,3,68.00,25.78,14.00,0.00,26.00,26.00
19095,2024-09-20T11:02:03Z,NA,NA,NA,NA,1,NA,NA,0,NA,0,1,NA,6,1978,46,3,$70000,3,2,2,2,2,4,2,3,3,3,3,2,3,2,3,2,3,2,3,4,1,5,3,1,2,2,4,2,3,3,3,3,53.00,30.37,9.00,77.06,24.00,25.00
42183,2024-09-23T19:58:14Z,NA,NA,NA,NA,1,NA,NA,1,NA,0,5,NA,6,1968,56,5,$0,2,4,4,4,2,2,4,4,3,2,4,4,4,4,2,1,4,4,1,2,5,4,4,2,4,4,4,2,4,4,2,4,76.00,28.00,22.00,67.27,28.00,29.00
82410,2024-09-23T20:28:10Z,NA,NA,NA,NA,1,NA,NA,2,NA,0,3,NA,6,1974,50,6,$10000,3,4,3,4,1,3,3,3,2,2,4,3,2,3,2,3,2,3,3,2,5,5,1,1,5,5,1,2,4,2,1,4,62.00,31.14,25.00,79.06,35.00,30.00
89807,2024-09-24T16:50:52Z,NA,NA,NA,NA,1,NA,NA,1,NA,0,1,NA,7,1960,64,5,$65000,3,2,2,3,2,3,3,3,3,3,3,3,3,2,3,3,3,3,4,4,4,5,2,4,2,2,2,4,1,2,2,4,64.00,28.01,18.00,80.51,31.00,26.00
99961,2024-09-25T03:43:11Z,NA,NA,NA,NA,1,NA,NA,1,NA,0,1,NA,4,1971,53,6,$108000,4,2,1,3,3,3,1,2,3,3,2,2,2,1,3,2,2,2,3,3,3,5,2,2,3,2,3,4,2,1,4,4,70.00,26.59,23.00,66.32,28.00,27.00
8255,2024-09-27T12:18:07Z,NA,NA,NA,NA,1,NA,NA,0,NA,0,1,NA,1,1975,49,5,$28000,3,4,2,3,3,3,3,3,4,3,3,2,3,3,2,2,2,3,3,4,2,2,5,4,1,1,5,5,1,1,5,5,82.00,34.73,21.00,81.19,26.00,28.00
9243,2024-09-27T13:47:53Z,NA,NA,NA,NA,1,NA,NA,1,NA,0,1,NA,2,1964,60,3,$75000,3,1,2,3,4,3,1,2,4,4,1,1,2,3,4,3,1,1,4,3,2,5,1,2,4,4,3,4,4,3,2,2,56.00,26.15,12.00,0.00,23.00,26.00
57386,2024-09-27T23:39:10Z,NA,NA,NA,NA,1,NA,NA,1,NA,0,1,NA,4,1975,49,4,$54000,2,3,2,3,1,3,3,3,3,2,3,1,2,3,4,2,2,3,4,3,3,4,1,2,4,4,4,4,3,1,2,2,61.00,NA,NA,NA,NA,NA
52148,2024-10-01T21:19:15Z,NA,NA,NA,NA,1,NA,NA,0,NA,0,1,NA,2,1979,46,4,$124000,3,1,1,2,3,3,2,2,4,3,1,2,2,2,3,3,2,1,3,3,1,1,4,4,1,1,4,4,1,1,4,4,61.00,23.93,3.00,54.17,19.00,20.00
58304,2024-10-06T00:06:34Z,NA,NA,NA,NA,1,NA,NA,1,NA,0,1,NA,2,1983,46,5,$85000,4,2,2,2,4,4,2,3,4,4,3,2,2,3,3,4,3,2,4,4,3,3,4,1,3,4,4,4,3,4,4,4,75.00,37.02,24.00,NA,NA,NA
26657,2024-10-07T13:23:31Z,NA,NA,1,NA,NA,NA,NA,1,NA,0,1,NA,6,1970,54,3,$50000,2,4,3,4,2,2,3,4,2,2,3,3,3,4,4,2,4,3,3,2,4,4,1,1,4,4,4,4,2,4,4,4,64.00,19.47,13.00,49.30,13.00,22.00
65579,2024-10-08T19:48:37Z,NA,NA,NA,NA,1,NA,NA,1,NA,0,1,NA,7,1958,66,2,$36000,3,1,1,2,4,4,1,1,4,4,1,1,1,2,4,4,3,2,4,4,2,3,4,3,1,2,4,4,1,2,5,5,NA,NA,NA,NA,NA,NA
22047,2024-10-09T03:53:16Z,NA,NA,NA,NA,1,NA,NA,1,NA,0,1,NA,6,1972,52,5,$50000,4,1,1,1,4,2,1,3,3,4,1,1,1,1,4,4,3,1,4,4,4,2,3,5,2,3,4,4,2,4,4,4,66.00,28.33,12.00,73.56,19.00,24.00
73786,2024-10-12T00:34:53Z,NA,NA,NA,NA,1,NA,NA,0,NA,0,1,NA,2,1978,46,4,$105000,3,2,2,3,3,3,2,2,4,4,2,1,2,1,3,3,2,3,4,4,2,2,4,4,2,2,4,4,2,2,4,4,72.00,22.62,10.00,87.73,17.00,23.00
2674,2024-10-13T17:02:00Z,NA,NA,NA,NA,1,NA,NA,1,NA,0,1,NA,2,1979,46,3,$350000,3,2,2,2,4,4,2,2,3,4,2,1,2,1,4,4,3,3,4,4,2,4,4,4,2,2,5,3,2,2,4,4,82.00,30.86,23.00,69.72,22.00,27.00
22710,2024-10-14T02:40:06Z,NA,NA,NA,NA,1,NA,NA,1,NA,1,2,NA,2,1969,54,6,$185000,4,1,1,1,4,4,1,1,4,4,1,1,1,1,4,4,2,1,4,4,2,5,3,3,1,3,4,2,1,2,4,4,75.00,28.92,19.00,16.67,28.00,26.00
43885,2024-10-14T16:24:29Z,NA,NA,NA,NA,1,NA,NA,1,NA,0,1,NA,6,1952,72,4,$50000,4,1,1,1,4,2,1,2,4,4,2,2,2,1,4,3,1,1,4,4,4,1,5,4,1,1,5,5,1,4,5,4,53.00,27.03,16.00,57.74,26.00,27.00
63388,2024-10-14T19:36:40Z,NA,NA,1,NA,NA,NA,NA,0,NA,0,1,NA,2,1964,60,3,$80000,2,3,3,2,3,3,2,3,4,3,2,3,3,3,3,3,3,3,3,3,3,2,3,4,3,3,3,4,3,4,4,4,53.00,23.32,18.00,0.00,21.00,21.00
39135,2024-10-15T00:57:36Z,NA,NA,NA,NA,1,NA,NA,1,NA,0,1,NA,1,1975,49,5,$48000,3,2,2,3,4,3,3,2,4,3,2,2,2,2,4,3,2,2,3,3,2,3,4,2,1,1,4,5,4,2,4,4,66.00,26.55,15.00,93.73,27.00,26.00
29079,2024-10-15T16:58:45Z,NA,NA,NA,NA,1,NA,NA,1,NA,0,1,NA,2,1979,46,7,$153000,1,1,2,4,1,2,3,2,3,3,4,3,2,4,4,3,3,4,2,4,3,5,1,1,5,5,3,1,4,3,2,3,69.00,32.05,23.00,73.60,30.00,27.00
11765,2024-10-15T17:16:52Z,NA,NA,NA,NA,1,NA,NA,1,NA,0,1,NA,3,1978,46,4,$80000,1,4,4,4,1,1,4,4,1,1,4,4,4,4,1,1,4,4,1,1,5,5,2,1,4,5,2,5,4,5,2,2,52.00,29.52,10.00,69.72,14.00,24.00
28816,2024-10-16T03:53:19Z,NA,NA,NA,NA,1,NA,NA,1,NA,0,1,NA,6,1972,53,6,$120000,3,3,2,3,3,3,2,3,3,3,3,2,3,3,2,2,3,3,3,3,4,1,4,2,2,3,3,2,1,1,5,5,71.00,33.81,20.00,53.25,28.00,30.00
87986,2024-10-20T02:57:36Z,NA,NA,NA,NA,1,NA,NA,1,NA,0,1,NA,1,1963,61,5,$55000,3,3,1,2,2,2,2,2,2,3,3,2,3,1,1,3,3,3,2,3,4,5,3,2,3,2,4,5,3,3,3,4,83.00,34.85,17.00,92.36,29.00,28.00
19611,2024-10-21T21:17:24Z,NA,NA,NA,NA,1,NA,NA,1,NA,0,1,NA,4,1953,71,2,$35000,4,3,1,1,4,4,1,3,4,4,2,1,1,2,4,3,1,1,4,4,4,4,5,4,1,2,4,5,1,1,5,4,65.00,26.27,8.00,95.74,NA,NA
75343,2024-10-24T01:22:19Z,NA,NA,NA,NA,1,NA,NA,NA,NA,0,1,NA,2,1976,48,5,$250000,3,4,4,3,3,3,3,2,4,3,4,4,2,4,3,4,3,4,4,3,4,5,5,4,5,5,5,3,4,4,4,5,58.00,22.93,4.00,21.25,7.00,4.00
51293,2024-10-25T18:50:28Z,NA,NA,NA,NA,1,NA,NA,1,NA,0,1,NA,2,1979,46,5,$250000,2,2,2,2,2,2,3,2,2,2,2,3,3,2,2,2,2,3,2,2,4,2,4,2,2,2,4,4,2,2,4,4,51.00,30.16,11.00,NA,NA,NA
67958,2024-10-25T23:41:59Z,NA,NA,1,NA,NA,NA,NA,1,NA,0,1,NA,1,1971,53,3,$30000,4,1,1,1,4,1,1,1,4,4,1,1,1,1,1,4,1,1,1,4,1,1,3,4,1,1,4,4,1,1,1,3,58.00,23.80,11.00,57.73,6.00,22.00
49769,2024-10-26T11:57:16Z,NA,NA,1,NA,NA,NA,NA,1,NA,0,1,NA,2,1970,54,5,$120000,4,2,1,2,3,3,1,2,3,4,2,4,3,1,3,3,3,1,4,4,2,4,5,3,1,1,4,5,1,1,5,5,74.00,25.69,17.00,53.25,29.00,26.00
84235,2024-10-26T13:01:51Z,NA,NA,NA,NA,1,NA,NA,1,NA,0,1,NA,2,1960,63,5,$100000,3,3,3,2,3,3,2,3,3,3,3,1,3,3,3,3,2,3,3,3,5,5,2,2,4,4,4,4,5,4,2,2,58.00,17.31,15.00,37.88,29.00,28.00
70777,2024-10-26T16:32:17Z,NA,NA,NA,NA,1,NA,NA,1,NA,0,1,NA,2,1979,46,2,$15000,3,1,1,1,3,2,3,3,3,2,2,3,4,2,4,2,3,3,4,4,5,5,2,2,5,5,4,4,5,4,2,2,56.00,30.55,15.00,79.06,22.00,27.00
82869,2024-10-27T04:21:24Z,NA,NA,NA,NA,1,NA,NA,1,NA,0,1,NA,6,1967,57,5,$16000,4,4,1,4,3,4,3,1,4,4,3,1,1,3,3,4,2,2,4,4,4,4,3,2,4,5,4,4,4,4,2,4,52.00,18.61,23.00,13.17,27.00,28.00
21715,2024-10-27T06:12:46Z,NA,NA,NA,NA,1,NA,NA,1,NA,0,1,NA,2,1972,52,6,$85000,2,4,4,4,1,1,4,4,2,3,4,4,4,4,2,2,4,4,2,2,4,3,3,1,4,5,4,2,3,2,3,3,28.00,28.31,18.00,58.19,28.00,27.00
75931,2024-10-27T11:05:43Z,NA,NA,NA,NA,1,NA,NA,1,NA,0,1,NA,6,1957,67,3,$21000,3,3,3,3,4,4,1,3,4,4,3,1,3,1,4,4,2,1,4,4,3,4,5,3,3,2,5,5,3,1,5,5,47.00,19.26,14.00,0.00,13.00,24.00
13923,2024-10-27T13:00:18Z,NA,NA,1,NA,NA,NA,NA,0,NA,0,1,NA,2,1976,48,5,$47000,4,1,1,3,4,4,1,4,4,4,3,1,1,1,4,4,3,2,4,4,1,5,4,3,3,2,5,5,3,4,4,4,37.00,18.94,6.00,27.00,5.00,14.00
47841,2024-10-27T15:17:50Z,NA,NA,NA,NA,1,NA,NA,1,NA,0,1,NA,1,1972,52,3,$55000,3,3,2,3,3,3,3,3,3,3,2,3,3,3,3,3,3,3,4,3,1,5,1,1,4,4,3,1,3,1,5,5,43.00,25.98,17.00,25.22,13.00,19.00
95686,2024-10-27T18:10:33Z,NA,NA,NA,NA,1,NA,NA,1,NA,0,1,NA,2,1978,46,7,$180000,3,3,2,3,2,3,3,2,3,3,3,3,2,3,3,3,3,3,3,3,4,2,3,3,1,1,4,4,4,3,3,3,48.00,30.39,16.00,59.32,24.00,26.00
29910,2024-10-27T18:22:37Z,NA,NA,NA,NA,1,NA,NA,1,NA,0,1,NA,1,1971,53,2,$0,2,2,3,4,2,2,3,3,1,1,4,3,4,3,1,1,4,3,2,2,4,4,2,1,4,4,2,3,4,2,2,2,66.00,17.97,11.00,71.12,9.00,NA
38254,2024-10-27T19:23:54Z,NA,NA,NA,NA,1,NA,NA,0,NA,0,1,NA,2,1978,46,5,$40000,4,1,1,3,3,3,2,2,4,4,2,3,3,1,3,3,3,3,4,3,3,4,4,5,3,1,4,4,2,4,5,5,53.00,13.59,7.00,30.43,5.00,16.00
48056,2024-10-27T23:16:39Z,NA,NA,NA,NA,1,NA,NA,1,NA,0,1,NA,2,1976,48,5,$54000,2,3,3,3,3,2,3,4,3,2,3,4,3,3,3,3,2,3,3,3,4,4,2,2,3,4,3,4,4,4,3,3,66.00,27.73,19.00,55.69,17.00,26.00
94442,2024-10-27T23:50:49Z,NA,NA,NA,NA,1,NA,NA,1,NA,0,1,NA,6,1966,58,3,$30000,3,1,1,1,3,3,1,1,3,3,1,1,2,1,4,4,2,1,3,4,2,1,5,5,1,1,5,4,2,3,2,4,65.00,32.32,25.00,45.01,29.00,28.00
18197,2024-10-28T00:36:25Z,NA,NA,NA,NA,1,NA,NA,1,NA,0,1,NA,1,1978,46,3,$70000,3,4,4,4,2,3,4,4,2,2,4,3,4,4,2,1,4,4,3,3,5,5,1,1,5,5,4,1,2,2,2,1,69.00,36.38,18.00,52.92,24.00,27.00
66894,2024-10-28T02:40:30Z,NA,NA,NA,NA,1,NA,NA,1,NA,0,1,NA,2,1973,51,6,$80000,3,4,3,3,2,3,2,2,3,3,4,2,4,3,3,3,2,3,3,3,4,5,2,1,4,4,3,2,4,5,2,3,54.00,23.14,12.00,0.00,15.00,23.00
53938,2024-10-28T02:45:33Z,NA,1,NA,NA,NA,NA,NA,1,NA,0,1,NA,1,1973,51,5,$25000,1,4,4,4,2,2,4,4,3,1,4,4,4,4,2,1,4,4,1,3,4,5,2,1,4,5,4,2,3,3,2,4,64.00,19.01,5.00,57.73,NA,NA
26674,2024-10-28T03:58:29Z,NA,NA,NA,NA,NA,1,NA,1,NA,0,1,NA,6,1968,56,5,$50000,4,3,1,2,2,3,3,2,4,4,1,2,3,2,3,3,3,3,4,2,5,5,3,2,4,4,5,5,2,2,4,2,57.00,28.22,14.00,NA,NA,NA
69530,2024-10-28T05:01:53Z,NA,1,NA,NA,NA,NA,NA,0,NA,0,1,NA,2,1965,59,5,$76000,4,2,1,1,3,4,1,2,4,3,2,1,1,1,3,4,2,1,3,3,3,3,3,3,2,2,3,4,4,3,4,4,63.00,31.30,18.00,93.73,25.00,29.00
83606,2024-10-28T05:11:48Z,NA,NA,NA,NA,1,NA,NA,1,NA,1,1,NA,3,1975,49,5,$50000,3,2,2,3,1,2,3,3,3,2,3,2,2,4,3,2,3,4,3,3,3,4,4,2,4,4,4,3,2,2,2,4,50.00,33.40,14.00,72.77,25.00,28.00
57416,2024-10-28T08:37:50Z,NA,NA,NA,NA,1,NA,NA,0,NA,1,1,NA,5,1968,56,6,$80000,3,3,3,3,3,2,1,3,3,2,3,3,2,3,2,2,3,3,2,2,2,1,5,1,1,1,5,5,3,5,5,5,56.00,21.48,7.00,63.74,7.00,15.00
24983,2024-10-28T09:28:59Z,NA,NA,1,NA,NA,NA,NA,0,NA,0,2,NA,2,1978,46,5,$10000,1,1,1,1,1,1,1,1,1,1,1,1,1,1,1,1,1,1,1,1,1,5,5,1,5,1,5,5,4,5,5,5,53.00,26.38,6.00,NA,NA,NA
40569,2024-10-28T14:22:31Z,NA,NA,NA,NA,1,NA,NA,1,NA,0,1,NA,2,1969,55,3,$29999,4,2,3,4,2,1,4,3,2,1,3,4,4,3,4,2,1,3,2,2,4,5,4,1,4,2,1,1,5,4,1,3,23.00,25.82,16.00,NA,NA,NA
93290,2024-10-28T16:22:06Z,NA,NA,1,NA,NA,NA,NA,0,NA,0,1,NA,6,1960,64,5,$0,2,4,3,3,2,2,3,3,2,3,3,3,3,4,1,4,1,3,3,2,4,3,3,1,5,4,4,4,3,2,3,4,56.00,17.47,6.00,45.01,1.00,24.00
60065,2024-10-28T19:06:00Z,NA,NA,NA,NA,1,NA,NA,0,NA,0,1,NA,6,1950,74,3,$35000,3,2,2,1,3,3,1,3,4,3,2,2,2,1,3,2,2,2,3,3,2,1,5,5,1,1,5,5,1,1,5,4,42.00,25.63,12.00,31.82,12.00,23.00
17724,2024-10-29T01:14:18Z,NA,NA,NA,NA,1,NA,NA,1,NA,0,1,NA,2,1975,49,5,$130000,2,4,3,4,2,2,3,3,2,2,4,4,4,3,2,3,3,4,3,3,2,4,2,4,2,2,2,4,4,4,2,4,52.00,18.54,5.00,55.90,7.00,21.00
23152,2024-10-29T15:35:47Z,NA,NA,NA,NA,1,NA,NA,0,NA,0,1,NA,1,1971,53,4,$70000,3,2,2,2,3,3,2,2,4,3,2,2,2,3,3,3,1,2,3,3,1,1,5,4,1,1,4,5,1,1,5,5,58.00,NA,NA,NA,NA,NA
14561,2024-10-29T18:00:22Z,NA,NA,NA,NA,1,NA,NA,0,NA,0,1,NA,2,1974,50,6,$145000,3,1,2,2,4,3,3,4,4,4,3,2,3,2,4,4,1,3,4,4,1,1,5,5,1,1,5,5,1,1,5,5,56.00,22.29,8.00,22.81,8.00,14.00
45489,2024-10-29T19:28:36Z,NA,NA,NA,NA,1,NA,NA,0,NA,0,1,NA,2,1974,50,7,$145,4,1,1,1,4,4,1,1,4,4,1,1,1,1,4,4,2,1,4,4,4,2,5,5,1,1,5,5,1,2,5,5,52.00,26.58,25.00,57.44,12.00,20.00
67442,2024-10-29T19:56:27Z,NA,NA,NA,NA,1,NA,NA,1,NA,0,1,NA,2,1968,56,7,$110000,4,1,2,4,4,4,2,2,4,4,2,1,1,3,3,3,3,4,4,4,4,5,3,1,4,4,4,4,5,1,2,5,76.00,38.33,22.00,82.57,26.00,30.00
53736,2024-10-29T20:20:11Z,NA,NA,1,NA,NA,NA,NA,0,NA,0,1,NA,2,1978,46,5,$150,4,2,1,1,4,3,1,1,3,4,1,1,1,1,3,4,2,1,4,4,4,1,4,4,1,1,5,5,1,1,5,5,60.00,25.92,15.00,23.81,8.00,23.00
67691,2024-10-29T23:23:40Z,NA,NA,NA,NA,1,NA,NA,1,NA,1,1,NA,2,1978,46,5,$225000,3,2,1,2,2,3,2,3,3,3,2,1,2,2,4,4,3,3,3,4,5,5,3,2,4,4,4,4,4,4,3,4,60.00,26.98,15.00,0.00,25.00,26.00
300,2024-10-30T03:15:45Z,NA,NA,NA,NA,1,NA,NA,1,NA,0,1,NA,1,1965,59,5,$60000,3,3,3,3,2,2,3,3,2,2,3,3,3,3,3,3,3,3,3,3,4,4,2,1,4,4,2,2,4,3,2,3,54.00,38.30,15.00,73.41,26.00,28.00
39940,2024-10-31T14:41:32Z,NA,NA,NA,NA,1,NA,NA,1,NA,0,1,NA,2,1959,65,2,$55000,3,2,3,3,2,2,3,3,3,3,2,3,3,2,3,3,3,4,3,3,4,4,3,2,3,4,3,4,2,2,3,3,68.00,36.83,22.00,90.97,24.00,27.00
14107,2024-10-31T15:33:41Z,NA,NA,1,NA,NA,NA,NA,0,NA,0,1,NA,2,1976,48,5,$80000,3,2,3,3,3,3,2,4,3,3,3,3,2,2,2,3,3,2,3,3,4,4,3,3,3,3,3,4,2,3,3,4,57.00,20.89,8.00,49.53,1.00,9.00
33775,2024-10-31T19:05:04Z,NA,NA,NA,NA,1,NA,NA,0,NA,0,1,NA,2,1975,49,6,$140000,4,2,1,1,1,3,1,2,4,4,3,1,1,2,4,4,2,2,4,4,4,4,4,4,1,1,4,4,4,4,4,4,56.00,26.12,11.00,35.68,8.00,17.00
45144,2024-11-01T04:03:46Z,NA,NA,1,NA,NA,NA,NA,0,NA,0,1,NA,2,1978,46,5,$150000,3,3,2,4,2,3,3,2,3,2,3,2,3,3,3,3,3,3,3,3,4,3,5,3,1,4,5,4,5,2,4,5,77.00,32.25,23.00,88.85,31.00,27.00
45144,2024-11-01T04:03:46Z,NA,NA,1,NA,NA,NA,NA,0,NA,0,1,NA,2,1978,46,5,$150000,3,3,2,4,2,3,3,2,3,2,3,2,3,3,3,3,3,3,3,3,4,3,5,3,1,4,5,4,5,2,4,5,77.00,32.25,23.00,88.85,31.00,27.00
67656,2024-11-01T07:26:17Z,NA,NA,1,NA,NA,NA,NA,0,NA,0,1,NA,2,1978,46,6,$170000,3,3,2,3,3,3,3,3,3,3,2,3,3,3,2,3,4,3,3,4,4,2,5,5,2,1,5,5,5,4,5,5,66.00,29.26,6.00,66.62,23.00,18.00
31653,2024-11-01T07:39:57Z,NA,NA,NA,NA,1,NA,NA,0,NA,0,1,NA,2,1974,50,6,$120000,3,2,4,1,4,4,1,2,3,4,2,4,4,1,4,4,2,4,4,4,2,2,5,5,5,3,2,5,2,5,4,5,78.00,30.60,21.00,42.49,25.00,20.00
16048,2024-11-01T10:26:16Z,NA,NA,1,NA,NA,NA,NA,1,NA,1,1,NA,2,1978,46,7,$200000,3,3,2,3,4,3,3,4,3,3,4,4,4,4,4,3,4,4,3,4,4,4,4,4,3,4,5,4,5,5,4,4,58.00,25.96,10.00,20.41,26.00,14.00
43442,2024-11-01T11:47:32Z,NA,NA,1,NA,NA,NA,NA,0,NA,1,3,NA,2,1982,46,5,$100000,2,4,2,3,4,4,2,4,4,2,3,4,4,3,2,3,2,2,3,4,5,2,5,1,1,1,5,5,5,5,1,5,26.00,25.91,11.00,27.22,7.00,12.00
36358,2024-11-02T02:22:13Z,NA,NA,NA,NA,1,NA,NA,0,NA,0,1,NA,2,1972,52,6,$90000,2,1,1,2,4,4,1,2,2,4,2,2,1,2,4,4,2,1,3,1,3,5,4,2,2,1,5,5,1,5,4,5,83.00,28.82,20.00,15.22,26.00,22.00
80552,2024-11-02T15:38:22Z,NA,NA,NA,NA,1,NA,NA,0,NA,1,1,NA,2,1965,59,6,$150000,1,3,3,1,4,3,1,3,3,3,1,1,4,1,2,3,1,1,3,3,2,1,5,2,4,2,5,5,1,4,5,5,77.00,22.55,24.00,0.00,30.00,22.00
63312,2024-11-03T12:02:10Z,NA,NA,NA,NA,1,NA,NA,0,NA,0,1,NA,2,1976,48,5,$130000,2,1,2,3,2,2,1,2,2,2,1,3,3,3,3,3,3,3,3,2,NA,2,4,5,1,4,4,5,3,2,4,4,69.00,23.87,15.00,45.83,1.00,8.00
48477,2024-11-03T20:08:29Z,NA,NA,NA,NA,1,NA,NA,1,NA,0,1,NA,2,1977,47,5,$130000,2,3,3,3,2,2,3,2,2,3,3,3,3,3,2,2,3,3,3,2,4,4,4,2,4,2,4,4,4,4,4,4,49.00,17.44,16.00,0.00,6.00,18.00
63224,2024-11-03T21:29:36Z,NA,NA,NA,NA,1,NA,NA,0,NA,0,1,NA,2,1979,1979,5,$150000,2,1,2,1,4,1,1,2,3,3,1,2,3,1,4,3,3,1,1,1,4,1,4,3,1,3,4,5,1,3,4,4,47.00,40.99,8.00,34.86,6.00,8.00
24601,2024-11-04T16:42:42Z,NA,NA,1,NA,NA,NA,NA,0,NA,0,2,NA,2,1978,46,6,$170000,3,3,3,3,3,3,3,3,3,3,3,3,3,3,3,3,3,3,3,3,4,1,5,1,1,1,1,5,4,4,4,4,70.00,24.81,8.00,43.30,5.00,4.00
13039,2024-11-04T17:37:40Z,NA,NA,NA,NA,1,NA,NA,0,NA,0,1,NA,2,1978,46,5,$150000,2,3,3,3,3,2,3,3,3,3,3,2,3,3,3,2,3,3,2,2,2,2,4,2,4,1,5,4,2,4,4,4,44.00,21.76,21.00,29.46,6.00,17.00
3044,2024-11-05T08:23:28Z,NA,NA,1,NA,NA,NA,NA,0,NA,0,1,NA,2,1978,46,6,$170000,3,3,3,3,3,3,3,3,3,3,3,3,3,3,3,3,3,3,3,3,4,1,4,1,1,1,4,5,4,4,4,4,76.00,26.17,8.00,40.25,5.00,3.00
4140,2024-11-06T02:26:54Z,NA,NA,NA,NA,1,NA,NA,1,NA,0,1,NA,2,1966,58,3,$200000,4,1,2,2,1,4,1,3,3,4,2,1,1,2,4,4,4,3,4,4,5,4,4,1,4,5,4,4,2,4,2,4,67.00,26.41,25.00,44.42,21.00,29.00
16850,2024-11-06T15:30:08Z,NA,NA,NA,NA,1,NA,NA,1,NA,0,1,NA,2,1972,52,6,$95000,2,2,3,3,1,2,3,3,3,2,4,2,4,3,3,2,3,2,2,3,2,2,4,4,4,4,4,4,2,2,4,4,60.00,31.03,17.00,60.85,29.00,26.00
16963,2024-11-08T16:23:26Z,NA,NA,NA,NA,1,NA,NA,0,NA,0,3,NA,2,1959,65,5,$100,4,1,1,1,4,3,1,1,1,1,1,1,1,1,1,4,4,3,1,1,5,2,1,4,1,1,4,4,5,3,4,5,46.00,22.45,9.00,45.89,10.00,7.00
43799,2024-11-10T21:23:58Z,NA,NA,NA,NA,1,NA,NA,1,NA,0,1,NA,2,1978,46,5,$150000,3,3,3,4,2,3,4,3,3,2,4,2,3,3,2,4,3,3,2,3,4,4,5,2,5,2,4,5,2,4,4,5,20.00,18.24,15.00,34.86,9.00,17.00
23155,2024-11-11T13:06:34Z,NA,NA,NA,NA,1,NA,NA,0,NA,0,1,NA,2,1978,46,6,$120000,2,3,4,3,3,2,3,3,2,2,4,3,4,4,2,2,3,4,2,2,2,4,5,4,4,1,4,5,4,4,5,5,57.00,16.62,5.00,35.35,0.00,6.00
26542,2024-11-11T20:52:13Z,NA,NA,NA,NA,1,NA,NA,1,NA,0,1,NA,2,1956,68,4,$100000,4,1,1,2,4,3,1,3,3,4,1,3,1,1,4,3,3,2,4,4,1,1,5,2,1,1,4,5,3,2,4,5,49.00,29.55,16.00,0.00,21.00,28.00
19623,2024-11-11T23:46:55Z,NA,NA,NA,NA,1,NA,NA,1,NA,0,1,NA,2,1962,61,5,$10000,3,2,2,3,4,3,2,3,4,4,3,2,2,2,4,3,3,3,4,4,4,4,3,2,3,3,4,4,4,3,3,3,54.00,23.46,5.00,0.00,24.00,27.00
22133,2024-11-12T00:18:57Z,NA,NA,NA,NA,1,NA,NA,1,NA,0,1,NA,2,1960,64,2,$95000,4,1,1,1,4,4,1,1,4,4,1,1,1,1,4,4,2,1,4,4,3,4,4,3,1,2,4,4,2,2,4,4,57.00,27.05,14.00,56.10,10.00,26.00
22788,2024-11-12T06:26:30Z,NA,NA,NA,NA,1,NA,NA,2,NA,0,3,NA,2,1969,55,6,$185000,2,4,3,4,2,2,3,3,3,2,2,4,4,3,3,2,3,4,2,2,4,4,3,1,4,4,3,4,5,3,3,4,57.00,NA,NA,NA,NA,NA
6174,2024-11-14T23:09:05Z,NA,NA,NA,NA,1,NA,NA,1,NA,0,1,NA,4,1971,53,3,$40000,3,1,2,3,1,3,3,2,2,3,4,3,2,4,3,3,3,4,3,3,5,5,2,2,4,4,3,2,5,4,2,2,71.00,29.53,25.00,70.34,29.00,28.00
73626,2024-11-15T20:35:32Z,NA,NA,1,NA,NA,NA,NA,0,NA,0,1,NA,7,1972,52,6,$125500,2,4,4,3,2,2,4,3,2,2,4,3,4,4,2,2,2,4,2,2,5,4,2,4,4,3,4,5,4,4,2,4,58.00,27.96,9.00,46.14,20.00,21.00
9302,2024-11-24T17:48:28Z,NA,NA,NA,NA,1,NA,NA,1,NA,0,1,NA,2,1974,50,5,$600000,4,1,2,3,4,4,1,3,4,4,1,2,1,1,4,4,3,3,4,4,4,4,2,2,3,4,3,4,4,4,2,3,71.00,26.16,22.00,72.05,30.00,26.00
44102,2024-12-02T20:03:30Z,NA,NA,NA,NA,1,NA,NA,1,NA,0,1,NA,2,1977,47,2,$140000,2,3,3,3,3,3,3,3,3,3,3,2,3,3,2,2,3,3,2,2,4,4,2,2,3,4,3,4,4,4,4,2,63.00,29.76,14.00,43.03,20.00,26.00
65002,2024-12-03T18:32:33Z,NA,NA,1,NA,NA,NA,NA,1,NA,0,1,NA,1,1970,54,5,$30000,3,1,1,1,3,3,1,1,4,4,1,1,1,1,4,4,2,2,4,4,1,3,5,5,1,1,5,5,1,1,5,5,46.00,NA,NA,NA,NA,NA
31624,2024-12-05T00:27:36Z,NA,1,NA,NA,NA,NA,NA,1,NA,0,1,NA,6,1979,46,7,$189000,4,1,1,3,4,4,1,1,4,4,1,1,1,1,4,4,1,1,4,4,4,2,4,1,3,3,2,4,1,4,5,5,61.00,25.59,21.00,47.87,8.00,24.00
58286,2024-12-05T11:41:22Z,NA,NA,NA,NA,1,NA,NA,1,NA,0,1,NA,1,1978,46,5,$25000,1,4,4,4,4,3,4,4,3,1,4,4,4,4,2,4,4,4,2,3,5,4,3,2,5,5,2,2,5,3,4,4,62.00,25.71,20.00,15.96,16.00,24.00
35633,2024-12-05T13:11:30Z,NA,NA,NA,NA,1,NA,NA,1,NA,1,1,NA,4,1971,53,3,$0,3,3,3,3,2,3,3,3,3,3,3,2,3,2,3,3,2,3,3,3,4,3,3,3,3,4,3,3,3,4,3,3,59.00,16.25,6.00,77.58,8.00,22.00
85879,2024-12-05T14:52:44Z,NA,NA,1,NA,1,NA,NA,1,NA,1,1,NA,2,1969,55,4,$17000,4,4,4,4,3,1,4,3,4,2,1,4,4,1,1,2,1,3,2,4,4,1,4,3,1,1,5,5,4,3,5,4,14.00,23.05,7.00,NA,NA,NA
53398,2024-12-05T21:37:36Z,NA,NA,NA,NA,1,NA,NA,0,NA,0,1,NA,6,1960,64,2,$120000,4,2,2,2,4,4,2,2,4,4,2,2,2,2,4,4,2,2,4,4,2,1,5,5,1,1,4,5,1,1,5,4,45.00,18.23,10.00,36.80,10.00,18.00
91561,2024-12-06T00:44:37Z,NA,NA,NA,NA,1,NA,NA,1,NA,0,1,NA,2,1975,49,2,$35000,3,4,3,3,2,3,2,3,3,4,3,2,3,3,3,3,4,3,3,4,4,4,2,2,3,2,2,2,4,5,2,4,71.00,27.18,13.00,61.14,21.00,28.00
53896,2024-12-06T06:26:08Z,NA,NA,NA,NA,1,NA,NA,1,NA,0,5,NA,6,1954,70,5,$9000,3,2,2,3,3,4,2,3,3,4,3,2,2,4,3,3,3,2,3,3,4,4,2,1,4,4,3,3,3,2,3,2,13.00,22.78,17.00,56.67,16.00,28.00
66657,2024-12-08T03:26:56Z,NA,NA,1,NA,NA,NA,NA,1,NA,0,1,NA,1,1978,46,5,$35000,4,2,1,1,4,4,1,1,4,4,1,1,1,1,4,4,1,1,4,4,3,3,3,3,1,2,5,5,2,1,3,3,42.00,NA,NA,NA,NA,NA
36215,2024-12-08T05:34:11Z,NA,NA,NA,NA,1,NA,NA,1,NA,0,1,NA,2,1963,61,5,$24000,1,4,3,4,1,1,4,3,4,2,4,4,4,4,2,1,1,4,2,2,4,5,1,1,4,5,4,5,5,4,1,2,65.00,25.97,20.00,66.06,23.00,27.00
75816,2024-12-08T06:16:11Z,NA,NA,NA,NA,1,NA,NA,1,NA,0,1,NA,6,1973,51,6,$42000,4,2,1,2,3,4,1,2,4,4,3,3,1,2,3,4,3,3,4,4,2,1,5,5,1,1,5,5,1,4,4,4,70.00,23.63,20.00,75.62,27.00,27.00
94091,2024-12-11T05:20:09Z,NA,NA,NA,NA,1,NA,NA,1,NA,0,4,Asexual,1,1972,52,6,$11500,1,4,3,4,1,2,4,4,1,2,4,3,4,4,1,1,3,3,2,2,4,5,1,1,4,5,1,5,3,4,2,5,77.00,27.35,20.00,73.95,30.00,28.00
39574,2024-12-11T08:34:40Z,1,NA,NA,NA,1,NA,NA,1,NA,0,1,NA,1,1970,54,5,$12000,2,4,4,4,1,2,4,4,3,2,3,3,4,4,2,2,3,4,2,2,4,4,2,4,2,2,5,5,2,4,4,4,68.00,21.79,21.00,65.22,27.00,28.00
41514,2024-12-11T22:51:01Z,NA,NA,NA,NA,1,NA,NA,1,NA,0,1,NA,4,1962,62,3,$24000,1,4,4,4,2,1,4,4,3,2,4,4,4,4,2,1,3,4,2,1,4,5,2,2,5,5,1,2,5,4,5,2,46.00,20.49,15.00,37.27,28.00,27.00
14876,2024-12-11T23:45:05Z,NA,NA,NA,NA,1,NA,NA,1,NA,0,1,NA,6,1962,62,5,$16200,3,2,2,2,3,3,3,3,4,3,2,2,3,3,4,3,1,3,4,3,4,4,4,1,3,1,4,5,1,1,4,4,61.00,22.66,15.00,83.99,27.00,27.00
21377,2024-12-13T17:51:49Z,NA,NA,NA,NA,NA,NA,1,0,NA,0,1,NA,1,1979,46,2,$32000,3,4,3,4,3,2,4,3,3,3,1,3,4,4,2,1,3,4,3,3,5,4,4,3,5,5,2,4,4,2,2,5,75.00,28.08,17.00,50.00,25.00,26.00
80552,2024-12-13T20:23:21Z,NA,NA,NA,NA,1,NA,NA,1,NA,0,1,NA,2,1979,46,2,$10000,3,3,3,3,2,2,3,3,3,2,3,3,4,3,3,2,4,3,3,3,5,5,4,2,5,5,4,4,5,4,2,2,77.00,22.55,24.00,0.00,30.00,22.00
89426,2024-12-14T17:14:04Z,NA,NA,NA,NA,1,NA,NA,1,NA,0,1,NA,2,1979,46,6,$170000,3,2,3,4,2,3,3,3,2,2,3,3,3,4,2,2,4,3,3,3,4,5,2,1,4,4,3,4,2,1,4,5,74.00,29.33,22.00,75.16,29.00,28.00
26640,2024-12-14T17:41:36Z,NA,NA,NA,NA,1,NA,NA,0,NA,0,1,NA,2,1957,67,5,$49000,3,2,2,3,3,2,3,3,3,2,3,3,3,3,3,2,3,3,2,3,3,3,4,3,4,5,3,4,2,3,3,4,50.00,25.93,18.00,48.41,17.00,30.00
4835,2024-12-15T08:20:40Z,NA,NA,1,NA,NA,NA,NA,0,NA,0,1,NA,4,1973,51,3,$70000,3,3,3,3,3,3,3,3,3,3,3,3,3,3,3,3,3,3,3,3,1,1,5,1,1,2,5,5,2,1,5,1,48.00,22.54,6.00,47.51,9.00,21.00
95629,2024-12-15T09:32:05Z,NA,NA,NA,NA,1,NA,NA,1,NA,0,1,NA,6,1969,55,2,$65000,3,3,2,2,3,3,3,2,3,3,2,2,2,2,3,3,3,3,4,3,4,5,2,2,2,2,2,4,2,3,3,3,67.00,25.94,10.00,41.67,26.00,24.00
37766,2024-12-15T22:37:36Z,1,NA,NA,NA,1,NA,NA,1,NA,0,1,NA,2,NA,56,4,$35000,3,3,2,3,3,3,2,2,4,3,3,3,3,4,2,3,2,3,4,4,4,5,4,2,5,4,4,1,3,2,4,4,45.00,14.11,7.00,28.26,19.00,22.00
51059,2024-12-16T00:02:03Z,NA,NA,NA,NA,1,NA,NA,1,NA,0,1,NA,2,1972,52,4,$90000,1,2,2,2,2,4,2,2,4,4,1,2,1,1,4,4,1,2,4,4,5,5,1,1,4,4,4,2,5,5,1,1,61.00,NA,NA,NA,NA,NA
31824,2024-12-16T00:35:17Z,NA,NA,NA,NA,1,NA,NA,0,NA,0,1,NA,2,1978,46,6,$180000,3,1,1,3,3,1,1,1,3,3,1,4,3,3,4,3,1,4,3,4,4,4,5,1,1,4,5,5,3,4,4,5,64.00,24.65,6.00,0.00,NA,NA
51760,2024-12-16T00:48:57Z,NA,NA,NA,NA,1,NA,NA,0,NA,0,1,NA,2,1971,53,4,$75000,3,3,3,3,2,3,3,3,4,3,3,3,3,3,3,3,2,3,3,3,3,3,3,2,4,4,4,4,3,2,3,4,68.00,27.92,10.00,67.70,25.00,28.00
81444,2024-12-16T01:54:59Z,NA,NA,NA,NA,1,NA,NA,1,NA,0,1,NA,1,1964,60,6,$15000,2,3,4,3,2,3,4,3,3,2,4,2,3,3,2,2,3,3,2,2,4,4,1,1,3,5,1,3,3,4,3,2,56.00,23.05,19.00,74.77,28.00,26.00
41534,2024-12-16T05:18:17Z,NA,NA,NA,NA,1,NA,NA,1,NA,0,2,NA,4,1977,47,4,$120000,3,4,2,4,2,3,3,2,3,3,4,3,3,3,2,3,3,3,4,4,4,4,2,2,4,4,2,2,4,4,2,2,71.00,31.16,19.00,34.86,18.00,25.00
61291,2024-12-16T07:20:40Z,NA,NA,NA,NA,1,NA,NA,1,NA,0,1,NA,5,1979,46,5,$52000,3,3,2,3,3,3,2,2,3,3,2,1,2,3,3,3,3,2,3,3,4,2,1,1,1,2,2,5,2,2,2,2,77.00,29.46,18.00,72.01,27.00,26.00
27924,2024-12-16T16:54:07Z,1,NA,NA,NA,1,NA,NA,1,NA,0,1,NA,2,1951,73,5,$50000,4,1,2,1,4,4,1,2,3,NA,2,2,2,2,4,4,3,3,4,4,2,2,4,2,3,1,4,5,2,2,4,4,48.00,23.38,19.00,0.00,24.00,28.00
16934,2025-01-01T18:28:00Z,NA,NA,NA,NA,1,NA,NA,1,NA,0,1,NA,2,1979,46,5,$160000,4,1,2,2,4,4,1,3,4,4,3,2,2,2,4,4,3,1,4,4,3,1,5,4,1,1,5,4,1,1,5,5,78.00,27.50,25.00,92.23,29.00,30.00
7411,2025-01-15T15:07:57Z,NA,NA,NA,NA,1,NA,NA,1,NA,0,1,NA,2,1969,55,5,$180000,3,2,1,3,3,3,2,1,3,3,1,2,3,2,3,3,3,3,3,3,2,2,4,4,2,1,5,2,2,1,5,5,59.00,36.09,25.00,NA,NA,NA
54551,2025-01-17T19:57:21Z,NA,NA,NA,NA,1,NA,NA,1,NA,0,3,NA,1,1952,72,5,$90000,3,4,3,2,2,4,3,2,2,2,3,3,3,3,2,2,4,3,2,2,4,4,3,2,3,4,4,4,3,4,3,4,55.00,35.80,23.00,74.88,30.00,29.00
99163,2025-01-23T19:17:03Z,NA,NA,NA,NA,1,NA,NA,1,NA,0,1,NA,2,1971,53,5,$65000,4,3,1,3,4,4,1,3,3,4,3,1,2,1,3,2,2,3,4,4,1,2,4,4,2,1,4,5,1,1,5,4,75.00,24.33,22.00,78.47,27.00,24.00
88032,2025-01-24T04:11:57Z,1,NA,NA,NA,1,NA,NA,1,NA,1,1,NA,2,1963,61,4,$60000,3,4,4,2,1,2,4,4,3,2,3,3,4,2,2,2,3,4,1,1,2,1,4,2,2,1,4,4,1,1,5,5,63.00,22.29,23.00,69.39,24.00,25.00
25427,2025-01-28T15:55:52Z,NA,NA,NA,NA,1,NA,NA,0,NA,0,1,NA,2,1973,51,6,$125000,2,2,3,3,2,2,2,3,3,2,3,2,1,2,2,2,4,3,2,4,2,1,4,4,2,1,4,5,2,1,5,5,71.00,36.55,14.00,28.46,28.00,28.00
41154,2025-01-28T23:27:28Z,NA,NA,NA,NA,1,NA,NA,1,NA,0,1,NA,2,1964,60,6,$0,3,2,1,2,3,4,1,2,3,4,2,2,1,1,3,3,3,1,4,3,2,4,3,2,1,1,5,5,1,2,5,4,65.00,32.37,25.00,84.67,30.00,28.00
97759,2025-02-08T01:22:13Z,NA,NA,NA,NA,1,NA,NA,1,NA,1,1,NA,2,1959,65,6,$69000,2,3,3,3,2,2,3,4,2,3,3,3,3,3,2,3,3,3,2,2,4,4,2,2,2,3,4,5,1,2,2,4,NA,NA,NA,NA,NA,NA
49020,2025-02-08T08:06:14Z,NA,NA,NA,NA,1,NA,NA,1,NA,0,1,NA,1,1979,46,5,$0,4,4,4,4,1,4,4,3,2,1,4,3,4,3,2,1,4,4,2,2,5,5,1,1,4,4,1,1,3,4,3,3,NA,NA,NA,NA,NA,NA
36208,2025-02-09T15:37:32Z,NA,NA,NA,NA,1,NA,NA,1,NA,0,1,NA,2,1949,75,6,$100000,4,2,1,2,4,4,1,2,3,3,2,2,2,2,4,3,4,2,4,4,3,3,4,4,2,3,3,4,2,2,4,4,NA,NA,NA,NA,NA,NA
58456,2025-02-09T18:19:07Z,NA,NA,NA,NA,1,NA,NA,1,NA,0,1,NA,2,1966,58,5,$150000,4,1,1,2,4,4,1,1,3,4,2,1,1,1,4,4,3,2,4,4,4,3,2,2,2,2,4,4,3,3,4,2,NA,NA,NA,NA,NA,NA
14001,2025-02-10T16:58:20Z,NA,NA,1,NA,NA,NA,NA,1,NA,0,1,NA,NA,1973,51,5,$30009,3,3,3,3,3,3,3,3,3,3,3,3,3,3,3,3,3,3,3,3,4,3,2,1,2,3,5,5,1,4,1,NA,NA,NA,NA,NA,NA,NA
74671,2025-02-12T07:50:38Z,NA,NA,NA,NA,1,NA,NA,1,NA,0,1,NA,6,1972,52,3,$12000,3,4,4,4,3,3,4,3,2,3,1,2,4,4,1,1,3,2,4,3,5,5,1,1,5,5,1,1,5,2,1,1,NA,NA,NA,NA,NA,NA
77370,2025-02-14T03:18:15Z,NA,NA,NA,NA,1,NA,NA,1,NA,0,1,NA,6,1956,68,7,$40000,4,3,2,3,2,2,2,4,3,2,2,2,3,3,4,3,3,2,4,4,3,2,2,4,2,2,5,5,1,1,4,5,NA,NA,NA,NA,NA,NA
70505,2025-02-23T13:44:15Z,NA,NA,NA,NA,1,NA,NA,1,NA,0,1,NA,7,1957,68,7,$80000,3,3,3,2,3,3,2,2,3,3,2,3,2,2,3,3,2,2,4,3,4,4,3,2,3,3,3,4,4,1,3,5,NA,NA,NA,NA,NA,NA
2492,2025-02-24T03:22:13Z,NA,NA,NA,NA,1,NA,NA,0,NA,0,1,NA,1,1979,46,2,$45000,2,4,3,4,2,2,4,3,2,2,4,3,4,4,1,1,4,3,2,3,4,5,2,2,4,3,1,2,4,3,2,3,NA,NA,NA,NA,NA,NA
24149,2025-03-02T18:44:51Z,NA,NA,NA,NA,1,NA,NA,1,NA,0,1,NA,6,1959,66,7,$95000,3,4,3,3,3,3,3,3,4,3,3,2,3,3,2,3,2,3,3,2,5,3,2,4,2,2,4,4,1,3,3,2,58.00,34.36,23.00,93.73,28.00,28.00
18738,2025-03-04T17:25:37Z,NA,NA,NA,NA,1,NA,NA,1,NA,0,1,NA,6,1978,46,5,$28000,3,4,4,4,1,2,4,4,2,2,3,4,4,4,1,2,4,3,2,2,5,5,2,1,5,5,3,1,5,5,1,2,71.00,21.01,22.00,80.58,28.00,28.00
54569,2025-03-10T17:26:17Z,NA,NA,NA,NA,1,NA,NA,1,NA,0,1,NA,4,1975,49,3,$45000,4,4,4,4,4,4,4,4,4,4,4,4,4,4,4,4,4,4,4,4,4,4,2,2,4,4,4,4,2,2,4,5,47.00,23.83,3.00,45.07,13.00,17.00
43901,2025-03-10T17:28:35Z,NA,NA,NA,NA,1,NA,NA,1,NA,0,1,NA,2,1961,63,4,$70000,3,2,2,2,2,3,3,3,2,2,4,4,4,3,3,2,3,4,3,4,4,1,5,2,1,2,5,5,2,2,5,4,42.00,23.46,12.00,0.00,18.00,27.00
63083,2025-03-10T17:29:29Z,NA,NA,NA,NA,1,NA,NA,1,NA,0,1,NA,2,1952,73,5,$160000,2,3,3,3,1,2,4,3,3,2,4,4,3,4,4,2,2,4,2,2,5,5,1,1,4,4,2,2,5,5,1,2,58.00,29.18,24.00,64.55,26.00,25.00
75184,2025-03-10T17:49:08Z,NA,NA,NA,NA,1,NA,NA,1,NA,0,1,NA,2,1955,69,2,$23000,3,4,2,3,3,2,3,2,3,2,3,2,2,3,2,2,3,2,3,2,4,5,2,1,4,4,4,3,5,4,2,2,17.00,20.14,8.00,27.64,9.00,27.00
82483,2025-03-10T18:06:37Z,NA,NA,NA,NA,1,NA,NA,1,NA,0,1,NA,1,1955,69,3,$50000,2,2,2,3,2,3,3,4,3,3,2,2,4,3,2,2,1,3,3,3,3,2,5,3,1,4,5,5,2,1,5,5,45.00,27.88,17.00,0.00,22.00,27.00
77122,2025-03-10T19:25:17Z,NA,NA,NA,NA,1,NA,NA,0,NA,0,1,NA,7,1973,51,3,$35000,2,4,3,4,1,2,3,3,1,2,2,3,3,3,2,2,4,3,3,2,2,2,4,3,3,2,4,5,2,2,4,5,61.00,27.07,22.00,85.39,13.00,27.00
31220,2025-03-10T21:20:02Z,NA,NA,NA,NA,1,NA,NA,1,NA,1,1,NA,2,1962,63,5,$50000,1,2,2,2,1,2,2,2,4,2,3,2,3,3,2,2,1,3,2,3,1,1,3,1,1,1,4,5,3,1,5,5,45.00,29.83,5.00,53.52,17.00,24.00
45281,2025-03-10T21:36:04Z,NA,NA,NA,NA,1,NA,NA,1,NA,0,1,NA,1,1977,48,3,$12000,2,4,4,4,2,2,4,4,1,3,3,4,4,4,2,2,3,4,2,2,2,5,1,1,4,4,1,1,2,4,2,2,74.00,31.34,20.00,45.83,22.00,27.00
93705,2025-03-11T00:30:43Z,NA,NA,NA,NA,1,NA,NA,1,NA,0,1,NA,6,1979,46,4,$75000,1,4,4,4,1,1,4,4,4,2,4,2,4,4,1,2,2,4,2,2,3,4,5,3,4,5,4,2,1,1,5,5,65.00,22.96,11.00,39.67,6.00,22.00
5143,2025-03-11T18:01:24Z,NA,NA,NA,NA,1,NA,NA,1,NA,0,1,NA,2,1952,72,6,$125000,3,3,3,3,2,3,3,3,3,3,3,3,3,3,2,3,3,4,3,3,4,5,2,1,4,4,2,2,2,1,4,5,55.00,25.24,6.00,68.85,18.00,27.00
38264,2025-03-17T17:38:40Z,NA,NA,NA,NA,1,NA,NA,1,NA,0,1,NA,2,1978,46,6,$250000,3,2,3,3,3,4,2,2,4,3,2,2,3,2,3,3,2,2,3,3,4,3,4,4,3,4,5,5,2,3,4,4,59.00,23.02,9.00,47.87,30.00,27.00
59974,2025-03-17T17:47:28Z,NA,NA,NA,NA,1,NA,NA,1,NA,0,2,NA,4,1971,53,2,$29100,1,4,4,4,2,1,4,4,2,2,4,4,4,4,1,1,2,4,2,1,4,4,4,2,4,2,2,2,4,4,2,2,75.00,28.01,14.00,61.24,5.00,28.00
6386,2025-03-19T23:11:59Z,NA,NA,1,NA,NA,NA,NA,0,NA,0,1,NA,4,1978,46,3,$35000,3,3,3,3,3,3,3,3,3,3,3,3,3,3,3,3,3,3,3,3,4,1,4,4,1,1,4,4,1,1,4,4,53.00,19.90,10.00,15.22,20.00,15.00
41315,2025-03-19T23:29:45Z,NA,NA,NA,NA,1,NA,NA,0,NA,0,1,NA,1,1979,46,5,$60000,2,3,3,3,2,2,3,3,2,2,3,4,4,3,2,2,3,4,2,2,4,4,3,2,4,4,3,3,2,2,4,3,60.00,29.14,4.00,48.59,19.00,27.00
41421,2025-03-19T23:45:56Z,NA,NA,1,NA,NA,NA,NA,2,NA,0,1,NA,7,1970,55,3,$18000,1,1,2,4,4,1,1,3,1,3,4,1,4,4,1,4,4,4,3,3,5,5,1,1,5,5,1,1,5,5,1,3,41.00,18.10,11.00,NA,NA,NA
32682,2025-03-20T01:03:48Z,NA,NA,NA,NA,1,NA,NA,0,NA,0,1,NA,2,1963,61,3,$55000,2,3,3,4,2,2,3,4,2,2,4,3,4,3,2,2,3,3,3,2,4,4,2,2,4,3,4,4,1,1,4,4,38.00,31.03,15.00,79.78,26.00,28.00
95192,2025-03-20T01:30:32Z,NA,NA,NA,NA,1,NA,NA,1,NA,0,1,NA,1,1977,47,3,$49000,3,4,3,4,2,2,3,3,3,2,4,3,4,3,2,2,3,4,2,2,5,4,4,2,3,3,5,4,4,2,5,5,76.00,29.10,24.00,74.22,26.00,26.00
40300,2025-03-20T02:12:10Z,NA,NA,NA,NA,1,NA,NA,1,NA,0,4,Asexual,6,1978,46,6,$13000,2,3,3,4,1,2,4,3,2,2,3,3,3,4,2,3,3,3,3,2,2,2,3,3,3,4,3,3,1,2,3,4,45.00,27.73,11.00,66.75,25.00,28.00
90348,2025-03-20T11:00:51Z,NA,NA,NA,NA,1,NA,NA,0,NA,0,1,NA,4,1964,60,5,$18000,2,3,3,3,2,3,3,3,3,2,3,3,4,4,3,2,3,4,3,2,4,4,2,2,4,4,3,2,3,4,2,2,42.00,14.52,14.00,78.77,18.00,26.00
81160,2025-03-22T17:10:33Z,NA,NA,NA,NA,1,NA,NA,0,NA,0,1,NA,4,1975,49,7,$118000,2,2,3,3,1,2,3,3,2,3,3,3,3,3,2,2,3,2,4,4,4,4,3,1,4,4,4,3,4,4,2,3,74.00,38.08,25.00,85.39,29.00,29.00
34799,2025-03-22T20:59:20Z,NA,1,NA,NA,NA,NA,NA,0,NA,0,1,NA,2,1979,46,6,$175000,2,3,2,3,3,3,3,3,4,3,3,4,3,3,3,3,2,3,3,3,4,2,5,4,2,2,5,5,2,2,5,5,72.00,31.61,23.00,94.43,29.00,28.00
97592,2025-03-22T21:08:35Z,NA,NA,NA,NA,1,NA,NA,1,NA,0,1,NA,3,1973,51,6,$96000,3,3,4,4,3,3,3,3,3,3,3,3,4,3,3,2,3,3,3,2,5,4,4,2,4,5,3,2,3,2,3,5,70.00,25.14,23.00,75.62,21.00,30.00
43745,2025-03-22T21:09:52Z,NA,NA,NA,NA,1,NA,NA,1,NA,0,1,NA,2,1962,62,3,$175000,3,4,3,4,2,3,3,4,4,2,3,3,3,4,2,3,2,3,2,2,4,4,2,2,4,4,4,4,2,4,2,2,15.00,NA,NA,NA,NA,NA
32842,2025-03-23T00:12:30Z,NA,1,NA,NA,1,NA,NA,1,NA,0,1,NA,1,1972,52,6,$116861,1,4,4,4,3,2,4,3,1,1,3,4,4,4,2,4,2,4,2,2,4,4,3,1,3,4,3,3,4,4,5,3,48.00,27.13,21.00,19.25,19.00,28.00
50654,2025-03-24T00:34:01Z,NA,NA,1,NA,NA,NA,NA,1,NA,0,1,NA,2,1969,55,5,$90000,3,4,4,4,2,3,3,4,3,2,3,2,4,4,2,2,4,3,2,2,5,5,2,1,2,4,3,4,5,5,2,1,70.00,25.39,10.00,71.44,22.00,27.00
47424,2025-03-24T14:15:18Z,1,NA,1,NA,1,NA,NA,1,NA,0,3,NA,6,1970,54,3,$11000,1,4,4,4,1,1,4,4,4,1,4,4,4,4,1,1,4,4,2,1,4,5,1,1,3,5,5,1,1,5,3,5,53.00,21.85,14.00,50.46,17.00,24.00
77731,2025-03-24T19:20:08Z,1,NA,NA,NA,1,NA,NA,0,NA,0,1,NA,2,1971,53,3,$24975,1,4,4,4,1,1,4,3,2,1,4,4,3,4,1,2,4,3,2,2,4,5,1,1,5,5,1,1,5,4,2,1,66.00,27.75,11.00,21.51,18.00,22.00
12658,2025-03-24T19:22:41Z,NA,NA,NA,NA,1,NA,NA,1,NA,0,1,NA,7,1962,62,4,$17000,2,4,4,4,2,1,4,4,3,3,4,4,4,4,2,2,2,3,2,4,2,4,2,2,4,4,2,2,4,4,4,3,61.00,27.39,12.00,79.71,24.00,27.00
81044,2025-03-24T19:56:15Z,NA,NA,1,NA,NA,NA,NA,0,NA,0,2,NA,6,1978,46,2,$2500,2,4,3,3,1,3,3,3,4,3,3,2,3,3,2,2,3,3,2,2,4,2,2,2,4,4,2,2,3,4,2,2,46.00,NA,NA,NA,NA,NA
87663,2025-03-24T20:32:39Z,NA,NA,NA,NA,1,NA,NA,1,NA,0,1,NA,6,1958,66,5,$27500,3,4,4,4,1,2,4,4,2,2,3,4,4,4,2,1,4,3,2,2,4,5,4,2,2,3,4,4,2,4,4,4,46.00,27.11,8.00,64.55,24.00,28.00
2628,2025-03-24T20:45:39Z,NA,NA,NA,NA,1,NA,NA,1,NA,0,1,NA,2,1976,48,2,$22000,2,2,3,4,3,2,3,2,3,2,2,3,4,4,3,3,2,4,2,3,4,5,2,2,4,2,4,4,2,2,4,4,40.00,24.22,5.00,29.46,8.00,23.00
87484,2025-03-25T14:43:50Z,NA,NA,NA,NA,1,NA,NA,1,NA,0,1,NA,2,1977,48,2,$17000,3,1,2,3,1,2,2,3,2,1,3,1,3,3,3,3,4,3,3,2,5,5,1,1,3,2,3,4,1,5,5,5,71.00,31.51,12.00,58.34,25.00,23.00
9605,2025-03-30T23:49:21Z,NA,NA,NA,NA,1,NA,NA,1,NA,0,1,NA,2,1976,49,2,$48000,3,3,1,3,2,4,2,2,3,3,3,2,3,3,3,3,4,3,2,4,4,2,4,4,1,1,2,4,1,1,4,4,59.00,25.78,13.00,44.49,7.00,23.00
98079,2025-03-31T00:33:44Z,NA,NA,NA,NA,1,NA,NA,1,NA,0,1,NA,1,1975,50,3,$35000,3,3,2,4,3,3,3,1,3,3,3,2,3,4,2,3,3,3,3,3,4,5,3,1,4,4,4,4,2,2,4,4,67.00,35.50,25.00,NA,NA,NA
21519,2025-03-31T00:55:09Z,NA,NA,NA,NA,1,NA,NA,1,NA,0,1,NA,4,1968,56,4,$27000,3,2,3,3,2,3,3,3,3,2,3,3,3,3,3,3,4,3,3,3,4,5,2,1,4,5,3,2,4,4,1,2,51.00,19.75,12.00,36.00,23.00,27.00
72656,2025-03-31T02:56:17Z,NA,NA,NA,NA,1,NA,NA,1,NA,0,1,NA,2,1973,51,6,$80000,2,3,1,3,2,3,1,1,3,3,4,1,2,3,3,3,1,3,4,3,3,5,1,1,2,3,3,4,3,5,2,1,61.00,16.84,7.00,73.91,24.00,27.00
45593,2025-03-31T10:59:05Z,NA,NA,NA,NA,1,NA,NA,1,NA,0,1,NA,6,1972,53,2,$97000,3,4,3,3,2,3,3,1,4,2,2,4,4,3,3,2,1,3,4,2,4,4,4,2,3,1,4,4,1,2,4,4,61.00,28.37,18.00,92.23,26.00,29.00
35857,2025-03-31T11:40:15Z,NA,NA,NA,NA,1,NA,NA,0,NA,0,1,NA,2,1963,61,4,$38000,2,3,4,4,2,1,3,4,2,2,4,3,3,4,3,2,4,4,2,2,4,5,1,1,5,5,2,1,4,4,2,3,62.00,25.31,7.00,51.60,26.00,29.00
89363,2025-03-31T13:41:17Z,NA,NA,NA,NA,1,NA,NA,1,NA,0,1,NA,7,1967,57,3,$80000,3,4,4,3,1,3,4,3,2,3,4,2,4,4,1,2,2,4,2,2,3,2,2,3,3,4,5,4,3,3,2,3,71.00,29.84,14.00,28.87,18.00,28.00
44075,2025-03-31T14:51:09Z,NA,NA,NA,NA,1,NA,NA,1,NA,1,1,NA,2,1978,46,5,$249000,3,3,2,2,3,3,2,3,3,3,2,3,3,3,3,4,3,3,3,4,4,4,3,4,2,4,4,4,3,4,4,4,61.00,30.09,5.00,42.97,22.00,22.00
70775,2025-03-31T16:00:03Z,NA,NA,NA,NA,1,NA,NA,1,NA,0,1,NA,2,1978,46,2,$75000,3,1,2,2,4,4,2,3,3,3,3,2,3,3,3,2,3,3,3,2,5,5,1,3,4,4,4,2,4,4,2,4,64.00,23.15,9.00,53.03,18.00,17.00
6083,2025-03-31T18:23:02Z,NA,NA,NA,NA,1,NA,NA,1,NA,0,1,NA,6,1950,74,3,$19000,1,4,4,4,1,1,4,4,2,2,1,4,4,4,1,1,2,4,1,1,3,5,3,1,4,3,2,4,1,1,2,5,50.00,31.92,17.00,85.94,23.00,28.00
87814,2025-03-31T19:30:30Z,NA,NA,NA,NA,1,NA,NA,1,NA,0,2,NA,2,1957,68,6,$45000,1,4,3,4,1,2,3,3,1,1,4,4,4,4,2,1,4,4,1,1,4,5,2,1,5,5,1,4,5,4,2,2,68.00,26.40,25.00,63.74,21.00,29.00
56597,2025-03-31T19:58:19Z,NA,NA,NA,NA,1,NA,NA,0,NA,0,1,NA,1,1966,58,7,$87000,2,1,3,4,2,2,4,4,2,2,1,3,4,4,2,2,4,4,3,3,4,4,3,2,5,5,2,4,5,4,2,3,63.00,35.50,22.00,NA,NA,NA
15984,2025-03-31T20:53:17Z,1,NA,NA,NA,NA,NA,NA,1,NA,1,1,NA,3,1974,50,4,$30000,2,3,3,3,2,3,3,3,2,3,3,3,3,3,3,3,3,3,3,3,5,5,3,2,4,4,2,3,2,3,2,3,67.00,NA,NA,NA,NA,NA
1897,2025-03-31T21:03:06Z,NA,NA,NA,NA,1,NA,NA,1,NA,0,1,NA,2,1969,56,5,$87000,3,4,4,4,2,3,4,4,3,2,4,3,4,4,3,2,3,4,2,2,4,5,2,2,4,4,3,4,4,4,3,3,70.00,NA,NA,NA,NA,NA
